ClientID,LastName,FirstName,Income,ClientType
NMPIZJJAPD,Martinet,Althéa,172000,Retail
AYTAPVVUWU,Chevrier,Eva,2000,Retail
OLQPPBJRVT,Ropp,Johan,79000,Retail
JSFBLMJBFL,Heeb,Mihail,128000,Retail
ZDZLTIRSQB,Klier,Amaïa,161000,Retail
CRCFLKITAO,Berger,Nemanja,130000,Retail
IOWQKMFWEG,Lischetti,Katrina,183000,Retail
XHTPVRNCHP,Neuhaus,Penélope,48000,Retail
NWSIFCEIYJ,Zanandrea,Ejona,96000,Retail
HXCYENHZYK,Zeller,Adrienne,253000,Retail
ZDBXMRGRNC,Rodrigues,Nicolas,172000,Retail
IATPLUYKNM,Scherler,Stefan,80000,Retail
RMGMAFLJTB,Ramadani,Elenora,264000,Retail
EJAEMZWYJA,Oung,Lilya,121000,Retail
ZLSJYCUQYZ,Esteves,Camille,159000,Retail
ZPDCZGIUSI,Jahn,Cruz,59000,Retail
UXYDICLEDG,Kunz,Serra,394000,Corporate
UBHNDTRWTO,Banfi,Elda,310000,Retail
URKEEDOVCS,Aeschbacher,Ioan,227000,Retail
CSZHJXRPMA,Joder,Yelena,148000,Retail
TZRJCMGCOJ,Ferreira,Caspar,328000,Retail
ETNXPLQDEC,Bossens,Amen,263000,Retail
RLXEHHRHIF,Lörtscher,Ameline,195000,Retail
IBDIRIJNET,Anliker,Nadine,328000,Retail
MQFUTNPQYU,Meier,Liandro,115000,Retail
ZAJMEHJFMI,Gattiker,Ermal,45000,Retail
RSBCTWRJWJ,Germitsch,Thalía,241000,Retail
SIRIOFSSQJ,Schwab,Leonard,191000,Retail
LIIFYTWTFZ,Juvet,Assia,79000,Retail
TMSZBSDQVG,Ougammadan,Ayann,130000,Retail
CCWLRAKBCU,Bütikofer,Maurice,219000,Retail
RVCQNCNFFX,Jenni,Aimo,271000,Retail
GNLHVMYWUH,Kiniger,Leander,116000,Retail
MQCMHEPMXC,Hangiu,Aylina,214000,Retail
KDZSWSFDOI,Jamil,Katrina,110000,Corporate
NBFBMEDGXA,Gaspar,Jovin,262000,Retail
AIMJIHLHIR,Niedermann,Anissa,186000,Retail
SRYXYOHKZX,Candeias,Kaleo,139000,Retail
VQIMRRJACB,Käufeler,Flavie,265000,Retail
MFRYTDMPSD,Kottmann,Robine,298000,Corporate
QFUKTAPMQJ,Rigazzi,Julienne,85000,Retail
KKDCKKTZSC,Müller,Norbu,124000,Retail
MICQUZSYQR,Eichel,Yva,279000,Retail
NHPANMSSDP,Mohler,Samira,267000,Retail
RPCAKVDTHE,Ilic,Karl,114000,Retail
KDRYYARHBN,Schneider,Cassian,135000,Retail
UYHSIUCMRC,Swaroop,Nino,158000,Retail
EVTYWTFNVY,Sommer,Joleen,69000,Retail
NMGLUEKKNJ,Zürcher,Lorenz,122000,Retail
NXPQPWJZWY,Lang,Vitoria,207000,Retail
YHHOANUAKB,Ponniah,Milka,173000,Corporate
GIHLWPNXTY,da Rocha,Rijad,191000,Retail
UHJMDIRFLM,Vijayarajah,Nolian,61000,Retail
AFKZQGNKDW,Antener,Sesuna,259000,Retail
MJRKJLUAZI,Lehmann,Ida-Maria,274000,Retail
EITXRBIYJE,Patrao,Valea,208000,Retail
OXUICEXALP,Feratovic,Tuuli,244000,Retail
ZXISSKHPXU,Valisari,Malka,110000,Corporate
DQVNYUASXM,Simoni,Willow,46000,Retail
HXZUFBGDJG,Jäggi,Linor,297000,Retail
TBVYSMJGTS,Looser,Liah,23000,Retail
VECHJEVIWA,Sulejmani,Austin,238000,Retail
KUCQLHVQXV,Junod,Naél,346000,Retail
LQRRUPTKEU,Del Sordo,Troja,374000,Corporate
ZUXWFIWPNI,Buffle,Dua,460000,Retail
AHNNUJRLPX,Buser,Janosch,326000,Corporate
ANJLKFAGHQ,Brülhart,Amelia,400000,Retail
VXDGLRJLUI,Hirzel,Nicole,244000,Corporate
XEDPWMAQWS,Bartholet,Janan,62000,Retail
OYKSRDAVCV,Scherer,Ronya,217000,Retail
MFKBDZXOUT,Bekkairi,Arnaud,153000,Retail
YYOHRCCZOS,Kaur,Joab,133000,Retail
EFJNGVTLKL,Hamiti,Elia,139000,Retail
TCXNUQAYGJ,Abdulamin,Selah,111000,Retail
BHIVGULPHB,Wyss,Fatima,169000,Retail
VRDRVJXFHJ,Lavorato,Hinata,95000,Corporate
XUGZUVOXIE,Kiser,Amadeo,78000,Retail
YWUEQCCHFV,Fischbacher,Samu,197000,Retail
SFUHRHXAAE,Freire,Salwa,335000,Retail
MZNREAJVZW,Voshardt,Lenni,69000,Retail
QEDGVMMJTV,Schmid,Jérémy,110000,Retail
VWSSLOAGOC,Stauffer,Talya,385000,Retail
MJQVKMEQJS,Schneeberger,Linard,337000,Retail
EHCSAFVCMB,Stamm,Yaelle,224000,Retail
RNYSINKQDN,Forrer,Arwen,110000,Retail
HKTANJKLCU,Brunner,Aymira,32000,Retail
LCAZZIQOSP,da Costa,Ahad,73000,Retail
PQANRWTMNC,Parnenzini,Angela,226000,Retail
ZGQZBBOEKD,Tinner,Sava,332000,Retail
KDVAEQAMQN,Palomares,Clarisse,166000,Retail
FFWPNSOJPS,Teixeira,Romi,238000,Retail
HFDOAPQVEB,Burai,Jarmo,466000,Retail
NGSIKMTFYQ,Metzger,Ajlin,96000,Retail
OOCPFGVEVJ,Reinecke,Maura,116000,Retail
YCLASFGUKU,Bomba,Matt,100000,Retail
GCYWAAFPKP,Bernhard,Luano,187000,Retail
IOPQGZMRBA,Osmani,Jovana,59000,Retail
EXZHXDWKIM,Freund,Jim,275000,Retail
JVETACSHKG,Favale,Ewen,295000,Retail
LOTZCOAQST,Lopes,Erea,138000,Corporate
ULUYOKYHZW,Carrera,Nya,263000,Retail
VPCKXGOHAT,Devaux,Francesca,79000,Retail
IMYQCAIPHF,Stokes,Maliya,91000,Retail
VFKVVQYGFT,Studer,Amirtha,296000,Retail
EJQTGIZNJA,Menzi,Milkyas,308000,Retail
RGIHDEDDRJ,Wittwer,Daven,168000,Retail
MOYGUDQFNT,Schaible,Zippora,232000,Retail
BBMGKKDBDP,Ackermann,Malaïka,320000,Retail
QFNZOWODUJ,Nunes,Junior,172000,Retail
JCSQWGRYRX,Käser,Edmond,137000,Retail
RCQAPSPLGT,Krähenbühl,Emy,469000,Retail
OGSUNOLHUV,Tabau,Nate,193000,Retail
TKNIAWIRUQ,Zhuniqi,Shayana,90000,Retail
OSFBGGEITR,Page,Katerina,66000,Retail
GZQBSFKGXF,Ayari,Tion,146000,Retail
USBPBUGTDM,Terrapon,Meik,83000,Retail
FVXKRLOPQX,Marti,Kaylen,89000,Retail
MAQKNJOJSU,King,Vihaan,120000,Retail
EECZCLCMJV,Mendes,Beryl,92000,Retail
OBACBBMJNW,Ribeiro,Waël,193000,Retail
GEMDSIIPTW,Abreu,Malina,313000,Retail
LEGQYZRZOX,Hunziker,Clark,257000,Retail
AAUVVVRTNK,Coppex,Günes,54000,Retail
PIALJEKOHP,Stächeli,Samia,118000,Retail
VEMBUOYUGO,Dalla Giovanna,Sirin,178000,Retail
TIQDYGJQWR,da Costa,Magali,470000,Retail
TVXONCGLQF,Flade,Sofiya,240000,Retail
CIVXMMIGHZ,Gallelli,Mahir,210000,Retail
KHERAIIHYL,Osório,Matteo,127000,Retail
UFNQVSIEXT,Senn,Vishnu,362000,Retail
IBQVIVORNM,Dobler,Yacine,396000,Retail
XNEZFUDUCB,Lang,Altin,120000,Retail
BEZTNUEZWW,Rana,Wyatt,172000,Retail
VJUDTELSXN,Schwendemann,Meliha,180000,Retail
CMBQRETQAE,Memmishofer,Axl,8000,Retail
RKHFLLEGTW,Genoud,Ismaïl,266000,Retail
SXSFFIVDDH,Ulrich,Unejsa,161000,Retail
BHQCVKVMLL,Gianinazzi,Caio,563000,Retail
PITOBPFPWO,Schönholzer,Nelya,530000,Corporate
BDEQLUPKFS,Jawdat,Asmen,30000,Retail
JPUXQGHLNV,Mudassar,Anaya,182000,Retail
RJXQVLYKTW,Uyar,Nida,131000,Retail
QSMTQUQNEA,Tschirky,Millie,242000,Retail
IIKIXPMDGV,Jeanmaire,Mahamed,263000,Retail
SBCRYQQMPT,Jaibi,Tove,354000,Retail
GFWNQZZAKG,Schweizer,Aathira,312000,Corporate
EUHVCZSCIP,Besun,Cléo,177000,Retail
UELPWYTDRC,Avenati,Elia,125000,Retail
JCGHEDCEPI,Schönmann,Erik,112000,Retail
LSOESNSOJB,Dichev,Saishan,205000,Retail
EKBVXZXIOY,Couston,Jona,187000,Corporate
JSDQYKZECW,Joller,Olaya,311000,Retail
JJBWEPKUBH,Monticelli,Skender,267000,Retail
CKVRBJBEDL,Kleist,Zaid,49000,Retail
GHJENENRXE,Rohrer,Aylann,221000,Retail
MQKORZSGOH,Rodrigues,Levy,230000,Retail
GCFHLTWCAF,Capa,Leslie,38000,Retail
OWNPYMSGXD,Curchod,Asil,180000,Retail
XDXXFWCPVV,da Cruz,Amen,92000,Retail
NNUBGYHXUM,Vieira,Mear,196000,Retail
KRSSZQUXVX,Trnka,Shayla,224000,Retail
IKATVOWIOQ,Straub,Gabrielle,215000,Retail
YJFCZABVNK,Fabbri,Byanka,160000,Retail
VYZKAGLAYN,Buchwalder,Yaalan,227000,Retail
USMCJHJYUH,Chernyshova,Ahlam,344000,Retail
DQXNOXNBUK,Ukaj,Sanna,234000,Retail
PLUOWCZQBN,Reijnders,Muhammed,104000,Retail
IOHVGGLSGF,Menzi,Ajlina,119000,Retail
IXULJPKMIP,Korte,Manon,220000,Retail
BPFOVOVZFU,Mihaylova,Aren,99000,Retail
BOONXKYWFR,Schneller,Lukas,231000,Retail
TXCLGICANN,Ponnuthurai,Magdalena,58000,Retail
HMUPQHTSOY,Zhelnov,Nireas,197000,Retail
VRCMXCGTJP,Schibler,Yuel,104000,Retail
FDKWPBSDOX,Carnevale,Aïcha,33000,Retail
MFKDANLZKL,Ilg,Jamina,107000,Retail
TZGYIZOVMM,Wyrsch,Minas,79000,Retail
WWXZLJAEDV,Risse,Hans,207000,Retail
GUQAHYOIFW,Bär,Timon,146000,Retail
ZQPNJSGKVE,Hofer,Mélody,207000,Retail
SDUEOMABTH,Brogly,Curdin,213000,Retail
DABBDXHQUY,Celotto,Felicia,205000,Retail
NJEIERAPWT,Taranto,Fiete,173000,Retail
CIOSNWZPZA,Käppeli,Bajram,86000,Retail
UDCWCVRMGW,Er,Neven,100000,Retail
ACJMTBMALK,Huber,Corsin,424000,Corporate
PUMMGKFLTO,Tekie,Leonas,116000,Retail
MOVFCPYBGL,Lee,Noel,270000,Retail
EPDIATIWFG,Shabani,Layan,138000,Corporate
RLOEXFHGIJ,do Carmo,Soheil,86000,Retail
VGCRVTVHXY,Sonderegger,Nelly,415000,Retail
JQNIGRWNTH,Beretti,Tamer,142000,Retail
XFTDVYYFRJ,Lindt,Naél,51000,Retail
YVLIRVPUOV,Bytyqi,Eidan,45000,Retail
ICXPLHOPZX,Roth,Boas,162000,Retail
KYZSKMJDQA,Wolfisberg,Artion,100000,Retail
KPFFPMCODC,Lienhard,Ryu,21000,Retail
DXSQBXNJAA,Schär,Yanick,248000,Retail
CWCUMDLFLW,Mohammad,Nyla,165000,Retail
LETFPHNLQE,Dagher,Alessandra,134000,Retail
XEOMZWDTVD,de Melo,Eren,126000,Retail
EYUKOPSRCR,Sidler,Noa,191000,Retail
MLGDTKWTMY,Sulzener,Miraz,377000,Retail
DCYOXNIUNA,Fetoshi,Erwin,185000,Retail
KWVYMMBFWC,Stricker,Sana,321000,Retail
PYDGOLNPIC,Röthlisberger,Ileyna,479000,Retail
BKNXUSFWHB,Wyss,Manoa,36000,Retail
BAEPFZLCPI,Traber,Mae,288000,Retail
GXOQRBIOAE,Neumann,Félicie,504000,Retail
HUARQSQLCG,Köppel,Tove,309000,Retail
ZCNACCVQFF,Gisler,Eiliyah,260000,Retail
VKUKMKEURE,Marrouki,Benji,76000,Retail
ODRTTGQQRS,Bresch,Claire,44000,Retail
HRDOEOHXAV,Lustenberger,Micha,111000,Retail
WJNVRHYMTH,Trottmann,Tringa,28000,Retail
EWZXGJFAPQ,Tosic,Naël,301000,Retail
GJBBMCAXNF,Tavares,Dunja,231000,Retail
WPIKXVMICU,Widmer,Elyssa,282000,Retail
OCCVVMSKYG,Carisch,Maleya,144000,Retail
SEJFDEVQVX,Leyss,Margarida,81000,Retail
LKKLWIQUOA,de Almeida,Cindy,59000,Retail
OOJMYJHZKF,Sand,Liun,231000,Retail
ETTXANCZJV,Cueni,Lea,264000,Retail
VSCUEZFUIV,Nef,Lamine,370000,Retail
JTXWVQNOOB,Bürli,Siem,120000,Retail
UPVWXXUVJK,Kehl,Hilde,264000,Retail
SRNPOPKUFP,Dumoulin,Ysaline,279000,Retail
ZPTOGZSUQD,Pinto,Markella,132000,Retail
ARDWTOQIOP,Tairi,Dániel,116000,Retail
PIWZJBWMAE,Siljevic,Loriana,82000,Retail
XFISSVVKGX,Ismajli,Henos,99000,Retail
GEKPVNGGUO,Asiklar,Kejsi,30000,Retail
EVWKMDZWZN,Jakab,Kron,51000,Corporate
ELBONMDNLH,Garcia,Ceylin,173000,Corporate
BDZKSXHUPG,Diaïté,Mikael,225000,Retail
WNRDXAMPAF,Gowutsang,Jazmin,214000,Retail
AKAPCHGHBO,Kneubühler,Michel,56000,Retail
XOQEELKEEY,Horvath,Darijan,104000,Retail
UQZBCRZORQ,Rochat,Viyan,45000,Retail
PDSXTIFISB,Siegenthaler,Hosea,144000,Retail
MGUGLOOXYN,Choquard,Mathilde,312000,Retail
PXFGNZSLOF,Jumeau,Kaia,103000,Retail
MSUPWNIAST,Weber,Layla,190000,Retail
TFFDKXMQWF,Mohamed,Ean,44000,Retail
BSVUZUMECC,Di Stasio,Rowan,118000,Retail
WCCBRIXMDL,Stäger,Lyandro,221000,Retail
QIPQODMWIE,Sipek,Jaya,279000,Retail
GIYAIBMIOC,Ramo,Devrim,138000,Retail
QYKPZSZXTV,Savas,Leano,355000,Retail
QHTRJEHJMF,Spiegel,Davi,145000,Retail
IJGIPUCVBR,Rütsche,Zayan,318000,Retail
CSGVUXIAQP,Covaci,Hayrunnisa,198000,Retail
RZXCHKGURJ,Frias,Laila,320000,Retail
VZVWZMZRID,Renger,Gianina,49000,Retail
ELLDLCGYZI,Sutter,Maro,85000,Retail
VWYSUULRKN,Botti,Ugo,166000,Retail
FIUCXRVHNT,Shrestha,Arlette,205000,Retail
HHTYHTRSED,Aebischer,Abdallah,249000,Retail
HSUSRTFAXO,Keel,Drini,113000,Retail
ADCMEQQFSP,Stefanova,Simona,289000,Retail
VIMCDZIDOP,Sommer,Yosra,402000,Retail
VDZBCRSKWI,Zimmermann,Philip,323000,Retail
OHQYTUSGGP,Krajic,Léo,126000,Retail
JAPATHTVIA,Seker,Gemma,303000,Retail
ZVXJKEJMOO,Steiner,Miraz,156000,Retail
BSBHHKGEFR,Denoth,Meik,89000,Retail
XEEGWVZAHS,Scherrer,María,77000,Retail
RHPQEPKRJB,Landtwing,Jonna,153000,Corporate
RSFMCICLSK,Büttner,Yanick,179000,Retail
CXEZRGKZIR,Tanner,Lennie,276000,Retail
HTJYBLQYFU,Fröhlich,Priya,201000,Retail
LNMJYGCJIR,Berweger,Mariano,74000,Retail
MFIIVEUZLS,Prenaj,Eliara,302000,Retail
XOFOSGBTHQ,Oreiller,Eleonora,347000,Retail
BFHFXWUVVR,Fahrni,Cecília,115000,Retail
VQLETAZBYH,Witschi,Jorge,245000,Retail
VVTQPZPHSW,Marin,Idriss,166000,Retail
FPXDHRAMUC,Poljakovic,Zayyan,478000,Retail
CCZJTDGQFT,Meyer,Thilo,388000,Retail
BQIQQIGXCK,Bréguet,Vitor,187000,Retail
HSFDRDUCXN,Gloor,Izia,60000,Retail
CEKTUHMGWL,Horn,Isaac,104000,Corporate
IYUORVJIOI,Vogl,Isabella,43000,Retail
BRNJBHOZMU,Hofer,Yanis,122000,Retail
IJXLAJJYHR,Minder,Paloma,30000,Retail
TFNXKJGNWB,Pirovano,Sibora,265000,Retail
XXHNGAFCJA,Zweifel,Dajana,137000,Retail
PXYWNIBTXQ,Röhrich,Eléa,375000,Retail
EYSVOFOUSS,Bratti,Isaiah,175000,Corporate
THCMPHVZCM,Schmid,Ilyas,106000,Retail
RLEIBTXMPQ,Kempf,Nikolaos,488000,Retail
DKLESFQLWQ,Perren,Beau,167000,Retail
LXFVLWLIDZ,Walpen,Alexandre,217000,Retail
GSMXFJZLCU,Metwaly,Rayhana,32000,Retail
VSTSLGENXU,Schnellmann,Nathaël,266000,Retail
LBDMKZPSGP,Moser,Aimar,183000,Retail
KQXNSJVUOT,Pérez,Eloan,81000,Retail
QZMITFQESA,Faye,Laetitia,319000,Retail
NQCRLXOPKJ,Häfliger,Cécile,252000,Retail
BIHSKGLOYN,Lopez,Teodoro,261000,Corporate
VLMXNWYAUI,Gendre,Sébastien,268000,Retail
CCRBAOPQYU,Mäder,Max,145000,Retail
CWMZTCOYFC,Andres,Ayen,166000,Retail
LAELLEDHNU,Dätwyler,Meira,272000,Retail
EKXAZCZJTY,Hermel,Nika,89000,Retail
ZNMXMKBMXW,Galatola,Majvi,237000,Retail
YSMOQREAMC,Wagner,Aitana,115000,Retail
QLBZFKRSAV,Pfister,Aurelius,317000,Retail
CFPOCBQCDI,Wavre,Michelangelo,332000,Retail
PFSGEIXAAN,Salcedo,Rona,465000,Retail
ECHRUXCNYI,Ziltener,César,118000,Retail
ZKKIXWQWOI,Gröflin,Albertine,302000,Retail
RANZSKPRZG,Kilchör,Ernest,387000,Retail
RODSXQCKPK,Varot,Yusuf,194000,Retail
DALQRUHPHO,Magalhaes,Reis,145000,Retail
DJACQWMFXJ,Hochuli,Elin,96000,Retail
YEGOCOIXHA,Biljali,Soren,287000,Retail
VSGUKFDWIW,Blanchard,Suzanne,184000,Retail
AERMEVDCYS,Chillon,Mika,54000,Retail
AWPTJUSSEU,Kovacevic,Simea,39000,Retail
JJMEBIJLDW,Schultz,Erfan,68000,Retail
MGJJLNVULN,Schenk,Mica,135000,Retail
TIZUMRJHFP,Andergassen,Marlene,231000,Retail
TVDYXEQASU,Marzi,Daniel,212000,Retail
OXQJCRZEWM,Sofia,Justin,202000,Corporate
CVSNHSEJLN,Maillard,Elly,88000,Retail
SXNCQHQDEN,Sangiorgi,Kaira,262000,Retail
TNDGBEKLJD,Mellah,Siar,213000,Retail
LATOULJMKL,Gamulin,Lorian,239000,Retail
ILMXGYSKXF,Henriques,Ibrahim,432000,Retail
CGDBYOSQLY,Garcia,Alexy,94000,Retail
UATLAPHMOP,Morina,Morgan,242000,Retail
GGKAPGAMVN,Tanasescu,Zyan,372000,Retail
SUAHNYSLZN,Gutmann,Mak,256000,Retail
PRVENFFKUX,Galeazzi,Tamo,120000,Retail
LWJTHBOJER,Mächler,Arif,84000,Retail
AQIOVVIUKG,Promicac,Coral,32000,Retail
VTTQGVESND,Rhyn,Nestor,42000,Retail
SAAUZAFFVT,Schmutz,Kirill,67000,Retail
YRYSWIGPET,Kaiser,Illyrian,57000,Corporate
ZQLVOCQLAS,D'andiran,Thio,106000,Retail
OGQEZARKAL,Chughtai,Alejandro,80000,Retail
EOTVOFLZQG,Bucher,Erina,162000,Retail
NZMAHWLHAF,Harsch,Kalia,258000,Corporate
WZRWFVQDDJ,Zaldumbide,Leonor,233000,Retail
PRXFUQPIKC,Milanesi,Joshan,328000,Retail
FRINVFPBHE,Nenadic,Ivanka,108000,Retail
HABIXLDYYF,Pines,Wendy,298000,Retail
XJSCTRGLHS,Vural,Vuk,96000,Retail
SUWUXMUJDL,Trajkovska,Aela,288000,Retail
NKEYKPWSWU,Bouverat,Eli,92000,Corporate
CEFQARHPJC,Bakimci,Bigna,91000,Retail
BWVKJGODTC,Saraban,Elenora,63000,Retail
RKSDWXXBOB,Santos,Ashlyn,101000,Retail
XDMHMNAYXU,Leimgruber,Nafsika,300000,Retail
IHAVMXGZPT,Schmid,Mahmud,243000,Retail
FCSJBTBVKE,Fitsum,Aliki,332000,Retail
LEHDLIPLRD,Tschumi,Nuar,46000,Retail
OAHDXIFVAG,Bonda,Elior,311000,Retail
ISUXKKBFAW,Rüeger,Angèle,233000,Retail
OKRYUBDVMP,Echeverri,Josias,264000,Retail
PKHGBBBACV,Yolci,Nahom,4000,Retail
CUHQOYIKDY,Costa,Melael,165000,Retail
VWSHXWOUFE,Duvoisin,Andrea,318000,Retail
LRPNFMNSRU,Demirbas,Gerda,282000,Retail
JEJSBLGWSY,Gyger,Aria,213000,Retail
KWBNBKKOQG,Osterwalder,Bjorn,78000,Retail
YSRQDMOZIF,Gaslini,Kaon,139000,Retail
JRMBTHLFMZ,Metzger,Abdou,288000,Retail
JTLZCGBNOH,Christen,Nic,65000,Retail
YJJDVEROSS,Labhart,Henry,83000,Retail
ISZRIQTYYS,Vieira,Aïla,343000,Retail
PHAXLUIJQO,Rhalmi,Malaïka,250000,Retail
TDFYRPXMLR,Bortolus,Anina,152000,Retail
OGEDGBUKFC,Villiger,Morgan,125000,Retail
BBDYJQAAVF,Wondowssen,Bleron,240000,Retail
QGYEGKITFQ,Jobé,Ilario,218000,Retail
EZPAYPPQYR,Meili,Mayar,111000,Retail
BADVLEUNDM,Köchli,Maxim,97000,Retail
RHTISJECNO,Ammann,Andrija,155000,Retail
UYLHPNEJFK,Mahalingam,Sebastiano,37000,Retail
HBVVIWQIBV,Afra,Kenza,250000,Retail
PPIIIZYMSY,Zulfijaj,Éloa,323000,Retail
GBRNJLUKMU,Hof,Laurina,143000,Retail
PATWGDZIQM,Granzotto,Yannis,69000,Retail
KIADRAHJHH,Wilhelm,Lauri,90000,Retail
PCRCJIDTEF,Nuri,Alana,393000,Retail
KLMOEWVRTH,Alakus,Maëla,316000,Retail
FADEGWWLPD,Bagge,Brusk,232000,Retail
ZNBFLFHQRK,Spaargaren,Alícia,403000,Retail
UYZFLXFXRL,Benevenga,Leah,28000,Retail
HLNIBRRZRC,Paley,Safina,435000,Corporate
LOKAGVRBZO,Imfeld,Leyana,233000,Retail
OVJKZNXOFU,Willemin,Damijan,224000,Retail
DUGJLLUSCM,Djokovic,Stefania,414000,Retail
MDJMUPOWCL,Eggerschwiler,Makaio,289000,Retail
ZPGISRZLLF,Schummer,Semra,81000,Retail
CPLUCCNCVQ,Roder,Karla,218000,Retail
NCEGRTWKQF,Gianfreda,Sandro,92000,Corporate
PXBBKMPNJY,Berry,Mariella,98000,Retail
NVPZBRLOAD,Arsic,Giacomo,197000,Retail
DFRHGMMNHJ,Gurzeler,Krenar,114000,Retail
PPULXWLLAC,Diez,Merle,51000,Retail
POLBXCJELK,Druz,Elora,161000,Retail
HTCUKPYRKP,Portmann,Joelle,308000,Retail
PCKWNFLAHI,Rosen,Thabo,89000,Retail
GCXMFPJICC,Heule,Rian,100000,Corporate
NIUTZSFQHM,Schnarrenberger,Roen,175000,Retail
GHLAUBXEEO,Streule,Kairo,54000,Retail
GFWHVXUIZL,Nedovic,Rayan,258000,Retail
ZHFVTQYQPH,Weiss,Emília,179000,Retail
KVNLJRMKDR,Sorrentino,Lis,264000,Retail
SOKZVAVHWL,Hauser,Uliana,177000,Retail
QWWVWWOOFB,Mettel,Anastasia,130000,Corporate
XTJXGGWPGM,Mijajlovic,Emira,274000,Corporate
DVVPLPVQUX,Selmani,Fjara,204000,Retail
TQDUKKFQKZ,Beck,Yodahe,283000,Retail
KNQUEZIKRZ,Marinoni,Wanja,129000,Retail
BXEYEQNMQS,Balliana,Georges,211000,Retail
QNOOEJLEWV,Boca,Munir,251000,Retail
AXVYRFUAVR,Bradley,Jael,429000,Retail
DXECSFYCWR,Halimi,Fernando,292000,Retail
GGXNGHGAXT,Hahn,Kayo,30000,Retail
ESLLGPRQYH,Stüssi,Junis,4000,Retail
MZXWXWQHFS,Haradini,Billy,216000,Retail
ARUYNTNCMI,Spizzi,Emeline,438000,Retail
DWRDVKLMSZ,Vogt,Yosiyas,203000,Retail
KZZIVCDJKB,Schmid,Betim,73000,Retail
DDYZWXDZLL,Piccolin,Hermela,268000,Retail
DLXXYOCORQ,Teixeira,Emina,36000,Corporate
LNVIAESVNB,Enz,Almira,26000,Retail
LKUUELVENS,Hadush,Aris,140000,Retail
AZPWXZZTTT,Borges,Thalia,454000,Retail
IKVTGXPPMD,Mussak,Charles,56000,Corporate
NNGCEJGCNI,Snioch,Zehra,236000,Retail
YHDFSPCVTV,Goncalves,Léanne,132000,Retail
UJUYPYLFKG,Mindowicz,Emilyo,185000,Retail
NMNSAFPRLL,Rumpf,Sarah,220000,Retail
CREZMKYRLD,Jenuzi,Wolfgang,162000,Retail
UXJXCIDOHP,Leitão,Maxim,189000,Retail
NYRMRXZDRE,Abdullah,Ajlin,202000,Retail
CJZVWIBTPX,Herger,Ilvy,164000,Retail
KCIRMQNCMS,Egli,Marlène,27000,Retail
TAUNOOLSII,Emery,Loik,143000,Retail
MBRHAVYRRS,Andrade,Wael,34000,Retail
NEPQBSMBXQ,Besedina,Nejra,113000,Retail
ANFSPAOZRQ,Fischer,Aiko,34000,Retail
RIICKDBWTF,Kecskés,Olympia,97000,Retail
LJQNEOGZTP,Ajetaj,Naomi,110000,Retail
JRKAMCXAES,Guerra,Elanor,92000,Retail
ETGTNFTAXN,Shala,Marisa,105000,Retail
DOSXFXJNMW,Karapandzic,Mencia,265000,Retail
XTPKGFEFYG,Ammann,Alysia,134000,Retail
DPETGSYPMZ,Uhlmann,Jarmo,85000,Retail
QLGZMGLQWG,Gashi,Emilio,78000,Retail
UKXWVOYCOH,Zahner,Alessa,147000,Retail
LUANMLNOFL,Bracher,Arsène,109000,Retail
PCJTRXISNM,Hediger,Vasil,111000,Corporate
EZZAVVJZBI,Zumbühl,Keo,212000,Retail
ODGNZEJJXB,Ancora,Alparslan,317000,Retail
ZELLVMBROE,Rrahimi,Cody,139000,Retail
HMFFBBLCCQ,Niederhäuser,Giuliana,103000,Retail
YXYRENGJRN,Thommen,Mar,152000,Retail
SBZGDQHABT,Mory,Pavel,313000,Retail
UEYUCCLIQT,Meyer,Lenox,269000,Retail
RJCUBQKTWJ,Stadelmann,Edgar,294000,Retail
IWBHVLECEA,Schmid,Lola,247000,Retail
MMSUSJSWBW,Quintero,Alara,194000,Retail
NYALIVVECR,Steiger,Devin,99000,Corporate
COXTKMCCSC,von Ballmoos,Kayra,230000,Retail
IRCZQSUCAV,Gloor,Fil,244000,Retail
IVYTNTCZZR,Brun,Malik,100000,Retail
XERDJFEUET,Tobler,Kenneth,283000,Retail
DMNCQHOEXG,Felix,Loui,124000,Corporate
YCJZYALHRW,Clément,Rufael,83000,Retail
QRHEQURLLW,Siegenthaler,Matija,44000,Retail
GEQONVNGMH,Saillen,Priscille,204000,Retail
HLVMGEUIAG,Huth,Leny,97000,Retail
HBGVRQVQMJ,Pertoldi,Auro,197000,Retail
WUKVAVNXXW,Zuberbühler,Paride,62000,Retail
ITMAZSRVIK,Nowak,Matty,238000,Retail
BVCNUPGTCP,Destani,Clayton,176000,Retail
UHEQPUCWWQ,Fallet,Vasilije,199000,Retail
DBKFGXZSLZ,Ducraux,Erea,54000,Corporate
NXUKJSHEFP,Braissant,Donovan,63000,Retail
WKIWNECFLF,Schäfer,Elyna,302000,Retail
QOXDKIZEIS,Clavadetscher,Ayline,368000,Retail
JTHVXDWHYF,Faizi,Colette,217000,Corporate
YEZKWTQDYN,Emini,Tyron,207000,Retail
KXATNBRQVN,Marbacher,Ziva,165000,Retail
GJWJPBUKUZ,Meira,Seid,295000,Retail
WGDANHUGMW,Hostettler,Ange,229000,Retail
CRSPQZAHGE,Egger,Javier,84000,Retail
MGCQLZKQDO,Hiller,Curdin,222000,Retail
DWUQHZTITL,Pianezzi,Kris,101000,Retail
RNDPKWJVIV,Barras,Gabryel,182000,Retail
LBHHLBEUTK,Santana,Sebastiano,231000,Retail
RHOBPUFZLI,Tortora,Yodahe,188000,Retail
POAQXBFHAG,Ingold,Aliyah,204000,Retail
FJUKYNYJQJ,Pozzi,Priya,289000,Retail
BNVYOWMUYQ,Isaac,Rubi,4000,Corporate
RNTUYIXJNO,Hiltbrand,Yoel,267000,Retail
TJGLXVRGKD,Rosselet,Lotta,158000,Retail
TNLFSJFRKR,Sablotny,Yulia,380000,Retail
MCHMTYQKLT,Niffeler,Ariano,328000,Retail
UNDRWMQAKU,Burkard,Naher,221000,Corporate
NBJFWDTMJH,Moro,Ksenija,319000,Retail
IJEERTCPBK,Zimmerli,Sirin,201000,Retail
YFWHOSLXZV,Studer,Mélina,290000,Retail
PQGNBCNENI,Perrenoud,Daniel,137000,Retail
ZVNLJYRFVN,de Angelis,Kaona,244000,Retail
SKMBFMCHOH,Fischer,Neila,40000,Retail
XWNQVEJNFP,Maiurano,Catalina,292000,Retail
DMSXKWXUZD,Schweighauser,Seraina,71000,Retail
GFNSNFLBDB,Ackermann,Besart,155000,Retail
SDYGLFQAML,Schori,Bigna,247000,Retail
OUCQZGUQVL,Parlato,Kadija,36000,Retail
VOGEDJTHOH,Paiano,Melat,202000,Retail
LNLCKQGOXW,Gardini,Carmelo,309000,Retail
RAAXQKQPYN,Favre,Akiva,40000,Retail
BSHXJGGSYX,Vecchio,Nalani,21000,Retail
AWOXOQTHQD,Memetaj,Viktor,150000,Retail
TQTGSTUWOQ,Pelle,Abel,80000,Retail
DPBPTYQKDW,Bachmann,Dina,480000,Retail
XDTUIPOZKA,Hess,Nazim,96000,Retail
SSVRLIWQBB,Sieber,Olivia,304000,Retail
LCKGGKCYNY,Ergün,Andréa,55000,Retail
GDAOVTVFDF,Kalb,Melina,75000,Retail
KUODFEVZLV,Fodor,Loua,269000,Retail
VPIMHRWFEA,Gillioz,Jaël,99000,Retail
NVJRRSVLCL,Keller,Léana,112000,Retail
TAVVQYZGTL,Fahrni,Emil,30000,Retail
NLWCZNPRQR,Rösch,Diard,349000,Retail
SIQHEDTTJR,Luder,Eliam,460000,Retail
UHGHQKJBOK,Berger,Eléna,244000,Retail
ZWDRGRSXZT,Müntener,Taym,306000,Retail
SPSGNZBGNC,Zimmermann,Riano,375000,Retail
JJUVOQSPDW,Bazin,Teon,417000,Retail
VXPOKDOWPT,Kamtzi,Fares,153000,Retail
JJVCCJGHRU,Borromeo,Kyle,202000,Retail
HUHUTDACJC,Ettaji,Ida-Maria,255000,Retail
FGPMWUPZBW,Saner,Mariella,319000,Retail
WNYSUPIQVY,Balsiger,Ariya,460000,Retail
EBCTAFTRKY,Mesulaj,Layan,46000,Retail
STFPZJZOFI,Ferreira,Tamás,233000,Retail
JXQBLDZSIZ,Jeyanthirajah,Cansu,75000,Corporate
HKMIKRKHUQ,Kobzar,Lis,211000,Retail
SAEIXIKGJS,Kälin,Sofiia,193000,Retail
DIOSARHOVL,Götz,Jannik,48000,Retail
UBMAEDPTDF,Gysin,Luân,91000,Retail
SFNPHQDHME,Duca,Ognjen,115000,Corporate
FBRITPUGYG,Stoffel,Adhira,67000,Corporate
GSBTRCSMTA,Egloff,Alaz,83000,Retail
GNVYIZDQYG,Tüscher,Maïly,30000,Retail
LJMFSNHJBR,Gianetti,Éléonore,134000,Corporate
VIOOWFKOXF,Gmür,Mayson,90000,Retail
KULZGHCSTP,Fussstetter,Azarya,184000,Retail
QVWBPYLSCC,Moser,Derya,84000,Retail
CAPGIIDGUQ,Kormann,Lahna,259000,Retail
XXKHXSWGUP,Fehr,Kalya,469000,Retail
YVYEOKZVHE,Federspiel,Timon,117000,Retail
YMMPDRPXZI,Hubacher,Théodore,408000,Retail
HDXYWYREFG,Georgiou,Elli,80000,Retail
FYVFLWXHDC,Zanatta,Niva,210000,Retail
FWMOYNIAWA,Saenpan,Lilian,75000,Retail
ZHUGUFRFFZ,Antic,Diela,194000,Retail
MVLXTJZQJJ,Hungerbühler,Eliam,185000,Retail
OLWURSMFVW,Gomes,Riana,26000,Retail
KYITHHKBRB,Schleuniger,Isia,204000,Retail
PLABODUMUJ,Mathlouthi,Kurt,39000,Retail
RRAVTMCGWZ,Cancelinha,Razan,40000,Retail
TQTMGNUPPU,Tschumi,Arsène,3000,Retail
SBZXWEZQKR,Mirasolo,Burak,187000,Retail
NIUZSYEWSA,Eschenmoser,Ajlin,115000,Retail
XAQDXZWRRM,de Pury,Morris,301000,Retail
GNOBKSPPZN,Xhelili,Solal,368000,Corporate
IVHSULSJPU,Althaus,Gregor,255000,Retail
EUWHYEILVZ,Kanagaratnam,Demian,299000,Retail
ZARJWWTYHQ,Litscher,Niyam,50000,Retail
QHYFJKEWWR,de Carvalho,Elton,82000,Retail
EQCQCDGCLL,Bauer,Loyd,126000,Retail
RFNWAWJDYR,Ahmetaj,Kirill,335000,Retail
XVFFLEIZSO,Santo,Aariyan,222000,Retail
QDJZGXNMIT,Sabet,Julijan,163000,Retail
XGORTXXAIK,Kämpf,Raffaella,295000,Retail
FFZBBXOZQU,Baumann,Lautaro,292000,Retail
CLLXDGCZOH,Schenk,Izan,307000,Retail
NXZNVLTIEO,Marfurt,Enkela,89000,Retail
JFSRECYOZO,Muheim,Georgios,215000,Retail
KBWJMQVPVO,Borloz,Glorija,193000,Corporate
XQHIIZZDTG,Mosoni,Abby,119000,Retail
HLGEKUKKWA,Severin,Talía,241000,Retail
JXYSXMRUCX,Chaignat,Maid,187000,Retail
LQMTWJLDDV,Fialova,Constança,450000,Retail
IREYOFZCGD,Schirinzi,Fio,291000,Retail
IVOXGKDSQB,Taylan,Winston,200000,Retail
DPAVANVQKP,Odermatt,Meir,40000,Retail
SUKXSLHBIQ,Hoti,Mauro,162000,Retail
XHWLSPYLZU,Breitenmoser,Letizia,260000,Retail
JPXGKIDLOY,Maurer,Kimberley,107000,Retail
YSPFNJDRHM,Bielmann,Bjorn,393000,Retail
INZVFLHMPY,Nicoletti,Timon,154000,Retail
EUNJFBXQBU,Gäumann,Nova,15000,Retail
ZANJELZRQE,Pöllmann,Jázmin,313000,Retail
VPJBZKMBNE,Leibenson,Amelija,194000,Retail
EXNTHQVMKB,Huggenberger,Dimitra,127000,Retail
MCELTGDZZS,Bourgois,Yaseen,195000,Retail
POXGDBGCTD,Colombo,Dávid,81000,Retail
AOYNIPPCCW,Aue,Nejla,103000,Retail
BXQDRLFXON,Kühne,Linna,152000,Retail
HEQFUDHZIX,Nussbaumer,Niccolò,212000,Corporate
EXIOONEGFN,Mettler,Elián,117000,Corporate
UBLXDKHPHP,Stampfli,Nicholas,231000,Corporate
WJTBSNIFDF,Kauz,Aaradhya,96000,Retail
LKVMEQYVRO,Schmidli,Yonah,93000,Corporate
PXWOCNQDSJ,Bizarro,Frédéric,268000,Retail
YLTETULIFI,Stamerra,Ohana,124000,Retail
OONWVNWFNJ,Scheraz,Amicia,104000,Retail
QQRXADBXFC,Petitpierre,Áurea,262000,Retail
ZTPILTNSTU,Lehner,Tala,281000,Retail
NIPFILNLXY,Meier,Thore,110000,Retail
KQGVVYRRCX,Pasquini,Yohannes,517000,Retail
BDNCGLXXVI,Elshani,Joël,198000,Retail
CPREDABAYJ,Faour,Timeo,59000,Retail
VTEDYLNWML,Zigrino,Samara,299000,Retail
IQBXLLHNVP,Martinoli,Jennifer,131000,Retail
TWASLBFSTH,Petrovic,Annaëlle,258000,Retail
ZBRBIGXVGT,Saleem,Angelina,474000,Retail
JCTNETFXKI,Königshofer,Diela,46000,Retail
YJVHVDXHVG,Herrmann,Anika,399000,Retail
DXBMQVAOUK,Blattmann,Keyla,199000,Retail
ZCSJTVUDVA,Felix,Alessandro,234000,Retail
EGZXJGWYML,Busse,Austin,86000,Retail
SLPWKUWAPQ,Kauppinen,Ayra,154000,Retail
TMCXMWKVGA,Tork,Mitja,97000,Corporate
SMFUEBECDT,Berger,Éloa,274000,Retail
YUQGRFDTBV,Jacot,Fabiana,56000,Retail
WVYJJAAKVH,Gäng,Aylann,25000,Retail
ZCNJJJEVFN,Ahmadli,Joelle,193000,Retail
TTQHPYLWQG,Özer,Nika,110000,Retail
TNGPURUNCP,Huser,Naira,114000,Retail
GENJEBGSOA,Luterbacher,Cayden,255000,Corporate
DLKWSQJRXS,Sinani,Nephele,199000,Retail
DKECBSBNSS,Tschudin,Jasmine,231000,Retail
YUWOOLYCZG,Imarhiagbe,Évie,215000,Corporate
QUGFMOTVWD,Laffer,Sol,240000,Retail
MGYKTUUVDG,Simic,Gia,191000,Retail
SIRQWRQADZ,Frei,Zoya,94000,Retail
ULEMVPAQBN,Singer,Felice,52000,Retail
AHBJVQTSBQ,Salathe,Melvyn,62000,Retail
KCZKBPJZDA,Rodrigues,Yanis,256000,Corporate
FFCGOQMZPL,Logean,Enia,169000,Retail
SDHIMKLIEW,Stucki,Lucien,96000,Retail
UBVDGBVOUT,Gashi,Zayann,238000,Retail
HHXOWHGIUQ,Dubno,Luca,136000,Retail
MJEUXJBCVL,Ehrsam,Pascal,230000,Retail
YQVGMQBYVM,Morath,Emrys,158000,Retail
STAZEOBDIU,Favre,Mahamed,327000,Retail
AWQJJSAIMX,Marolli,Karla,312000,Retail
WMXVROANTG,Ecoffey,Samira,212000,Corporate
KJHFPZJPCJ,Gailer,Alyia,135000,Retail
KKWECGMIFQ,Kummer,Vivian,97000,Retail
KMOBFYDELV,Odagiu,Anuk,355000,Retail
ROCDQWVDTM,Pillet,Eliz,313000,Retail
YFIMCNRVFZ,Ettlin,Hanno,198000,Retail
BVGKOFPJJJ,Scheppach,Liv,166000,Retail
QRCYJIHLDY,Marinoni,Szymon,271000,Retail
KXHAEPQYPR,Hindle,Joélie,207000,Retail
AQVAJDFWMW,Frischknecht,Vasco,32000,Retail
YSXBUDQQES,Hofmann,Tiana,435000,Retail
TFPPHKRZPA,Cuonz,Silja,143000,Retail
DAGHMSXTKT,Vogt,Maurin,141000,Retail
IPNKKEMVMQ,Musa,Kaspar,141000,Retail
VDXEVFRYDW,Ravenel,Neriah,130000,Corporate
SFTZVMFLYB,Kobler,Hasiet,151000,Retail
EXRWKFFSSE,Huynh,Joan,167000,Retail
LVOPEJKTVR,Allenspach,Maurice,482000,Corporate
OSEIAQVYIY,Arifi,Leno,309000,Retail
BDWQBMBXCZ,Rapone,Valérie,48000,Corporate
JEHUYWUVLU,Müller,Mathéo,198000,Retail
ETFYDMRPNQ,Biaggi,Hayrunnisa,312000,Retail
UFOAQYARKP,Bangerter,Anaé,156000,Retail
FPYLZMJXMG,Fini,Ajana,373000,Corporate
LGGZSRKZMD,Taing,Arman,172000,Retail
VMWYSAKOWA,Moser,Erion,193000,Retail
WZQDYWEVLI,Mändli,Pieter,36000,Corporate
WCKDJZXXRO,Maurer,Samin,32000,Retail
SVWRVMDEFR,Aregger,Kaila,253000,Retail
JXAZLVTMFI,von Bronk,Adria,227000,Retail
PNYIFOZNXN,Fuchs,Mahan,37000,Corporate
ZTHXAGESKN,Schwarz,Joao,169000,Retail
AIFIHZNQZL,Hostettler,Kadija,193000,Retail
YPEKHALUCO,Enzlin,Tristan,144000,Retail
PUMMXKFZWK,Krummenacher,Béatrice,194000,Retail
UBHQKBHCOD,Nardi,Kiran,298000,Retail
LWOJWJPNVV,Meystre,Dalya,435000,Retail
UAMNXBVXFU,Wirz,Arkan,162000,Retail
SEARDMNQKT,Berisha,Nilio,213000,Retail
RPWMLQFYHV,Milos,Gregory,130000,Retail
FBQZSZNOXW,Geissmann,Sandro,303000,Retail
PSYGXIIGKF,Maillard,Miral,153000,Retail
AIZRDHLPIJ,D'incà,Elizia,252000,Retail
IVXLPRSIHJ,Simonis,Lenn,441000,Retail
UUPWJPDDTU,Blatter,Letícia,190000,Retail
ENWAGACKIN,Müller,Lénie,101000,Retail
KPVTLGOVIE,Alesi,Albi,97000,Retail
MFPLACGZNK,Hungerbühler,Panagiotis,410000,Retail
VOFBCYPBIX,Birri,Kimo,182000,Retail
QKFIEWLUXO,Luminati,Wyn,288000,Retail
JFEDHXFIFB,Babiuc,Erea,271000,Retail
AUJXGYANFP,Eggimann,Félix,127000,Retail
TPNJRHQNSX,Liechti,Jamin,51000,Retail
RCLYGKKIKJ,Beil,Rúben,277000,Retail
UCWSISGKMP,Goryczka,Leslie,95000,Retail
PVLBWOQLZF,Stöckli,Emil,218000,Retail
LKNPIROFPQ,Oehler,Mattheo,190000,Retail
EEPFKQOJAP,Ukmata,Deniz,334000,Retail
USKQOZFVFX,Fuchs,Riona,6000,Retail
FWKBSKPIQE,Egli,Soren,279000,Retail
QTDPWEEIKG,Moscatello,Aarya,254000,Retail
XBJSNSSUTX,Asghary,Darian,125000,Retail
TUKMLDKDOV,Erard,Ornela,34000,Retail
MKFZSNFAIB,Trösch,Ellen,40000,Retail
SOTVLCTPYF,Blaser,Maddison,352000,Retail
VSRUGLUVBL,Studer,Peter,297000,Retail
GRQJWFXEGO,Stone,Lucile,13000,Retail
TOYIUNPAUW,Bagnoud,Rosalía,140000,Retail
JJZPWGZPIK,Li,Florina,37000,Retail
VQTEKDXMIC,Shevchenko,Zayann,88000,Retail
KHAYYIAMPH,Schlup,Melina,48000,Retail
QWAHNSQOSG,Stegmann,Frederic,89000,Retail
GUFUUPZDNV,Rösch,Nimród,24000,Retail
GKRRNPISTA,Maurer,Yonn,236000,Retail
BYGWPJMYCA,Garcia,Amira,220000,Retail
SWUOWRXZQY,Zurbuchen,Hadis,429000,Retail
ATKYUEVFVP,Ulusoy,Ákos,156000,Retail
UKZAMBZDCD,Strub,Johann,264000,Corporate
FXIJWAKHAA,Giuffrida,Alonzo,321000,Retail
KMJEQDZPDG,Berger,Alora,81000,Retail
HXZDFOFRBD,Hack,Altin,74000,Retail
XGYUEYMEME,Jeitziner,Frieda,43000,Retail
EVJLKZEBWO,Bünter,Nilaya,80000,Retail
CMRHABPYWZ,Budimir,Leni,243000,Corporate
ILZPZFMQUO,Lumani,Lana,409000,Corporate
KABDSXYLDU,Hofer,Sandro,266000,Retail
PAKZBDPIVE,Kim,Leena,420000,Retail
IYAHGOSAQW,Christoffel,Djurdja,257000,Corporate
BQFFTCHNQM,Ponniah,Eymen,403000,Retail
PCTXIKNXEM,Merlaku,Hector,318000,Retail
QTACYADETF,Lo Re,Erwin,275000,Corporate
NNSRAZPTDA,Donzé,Rean,217000,Retail
TNQMIGGFNC,Stutz,Anzu,234000,Retail
SLEJWBPSRJ,Rothen,Aaruthran,102000,Retail
GBLJGSRJUB,Sallenbach,Ilan,125000,Retail
NFEWNARHNS,Clerc,Ida-Maria,310000,Retail
DGPFJKPZER,Martig,Lola,174000,Retail
NWWHQADCRT,Gjoni,Dimitri,78000,Retail
ANQZYOAZXG,Gut,Amandine,123000,Retail
JOMAGBWWPB,von Aesch,James,275000,Retail
CRLABUADLE,Abdelmoula,Josh,266000,Retail
RWGDOQFJRB,Ithurbide-Dawson,Advika,318000,Retail
SRVAWCMHCK,Bankovic,Rebeka,394000,Retail
NJFZNGZTOU,Lakew,Amelie,254000,Retail
QHVJPUZUOS,Dutoit,Ane¸ka,282000,Retail
WAFFXZNWKR,Benoist,Mavi,267000,Corporate
PFFCPHLWPD,Bendixen,Vivian,74000,Retail
VKADZFEHWW,Lauber,Arun,465000,Retail
QPDUOSOZEW,Arumugam,Tiago,188000,Retail
LMXJLPXRQI,Baudat,Eugen,225000,Retail
NTAKXBPEIC,Dogan,Kainat,98000,Retail
NVMMFGWROR,Kehl,Marija,229000,Retail
EODEPQGZNX,Circello,Ylli,188000,Retail
CFGDRSIOVN,Haxhiaj,Roela,202000,Corporate
PZPFRFGXXM,Hottelier,Ken,203000,Retail
HGFBDADXFZ,Iglesias,Ivona,60000,Retail
UBZQNSLFJN,Häfliger,Gemma,29000,Retail
ZSHZQYEWTI,Alves,Anda,455000,Retail
OOSDTUIHTG,Heinzmann,Masa,315000,Retail
ADEPGTPWFY,Borrás,Lorenzo,141000,Retail
VXRODJQXCW,Andrist,Serafina,263000,Retail
OSGXKBFLKI,Koster,Keyla,88000,Retail
KJJJCXQIFU,Rapelli,Dorela,130000,Retail
ZXILINPNAL,Vermot,Pavlos,1000,Retail
EAGBIMKFQZ,Maeder,Franka,165000,Corporate
CATVCCUFMF,Meier,Yosyas,84000,Retail
SBTVYLRSHG,Rahman,Esmée,56000,Retail
ZLWEWNXNZX,Murin,Mirio,261000,Retail
XDYOZICYMM,Tschurr,Asim,134000,Retail
QPPKRXVPEL,Steinacher,Meyra,358000,Corporate
IDFSNKIXOY,Wüthrich,Dewey,240000,Retail
JCFGKBQDHZ,Ramadani,Edel,52000,Retail
ZEIRPQNWSS,Monod,Amir,200000,Retail
SJDXMLOSUJ,Junod,Laurène,224000,Retail
YIHILIXQUN,Tosato,Elaia,94000,Retail
BSOOBLCGOL,Keller,Enna,426000,Retail
EPIUFYJJVK,Varadi,Selihom,113000,Retail
MODZCOYSZE,Jordan,Noan,107000,Retail
HFJKMCYKDW,Häubi,Shayana,263000,Retail
MQBKUVPELO,Disanto,Joa,22000,Retail
UVKMGCNDJZ,Hold,Manny,178000,Retail
SNINETVOIU,Vannotti,Haya,266000,Retail
NRYVFUMUZV,Cuenot,Mathéo,184000,Retail
KRCXSXPCGT,Todo,Yanick,66000,Retail
TONSMQLBDM,Odermatt,Moishe,257000,Retail
CJMNBEFCJG,Iljazi,Francesco,220000,Retail
OKFZGWQXQJ,Scheidegger,Kalina,211000,Retail
YIEZECTMMS,Maslarova,Jean-Baptiste,167000,Retail
SVXEYJQGKE,James,Swan,34000,Retail
AXPTNDIWHE,Kurak,Liv,198000,Retail
GIIJMCGGWW,Schmid,Kirsten,279000,Retail
LOUVGGPQFU,Humbert,Learta,61000,Corporate
VCENKGJLNM,Trachsel,Lloyd,108000,Retail
CDZFETMFYC,Ziva,Iara,41000,Retail
NBYZPFQVFA,Wanner,Yun,115000,Retail
IRCXPNWQEG,Frei,Stella,110000,Retail
OPRQQKGQRS,Pidoux,Wilhelm,410000,Corporate
FYPUKEWHYP,Stutz,Rijad,21000,Retail
JGCCXHWTJB,Schindler,Kaylan,320000,Retail
GHSXESZWDE,Esrefi,Oriane,181000,Retail
FXOLFGYLWJ,Lüthi,Eslem,394000,Retail
AIXQXDPLBR,Santoro,Ishaan,231000,Retail
RNEIHDKDSE,Dzajic,Loa,223000,Retail
ITHDDLGXEV,Pagani,Hana,119000,Retail
YFOCVUWEOA,Bieri,Méline,103000,Retail
SDXBCLLNFY,Gay,Fahad,93000,Retail
TPARWXTYVH,Reber,Lenya,100000,Retail
UJVBWOTFBB,Beyeler,Moa,182000,Corporate
DHSGZEMJII,Brélaz,Dániel,51000,Retail
MWYLSPLFDT,Tiemann,Giorgina,309000,Retail
NMBZVXMJPC,Krasniqi,Astrid,313000,Retail
OPAKBWZYMW,Meyer,Tenzin,119000,Retail
RXNMQUDIKU,Fankhauser,Mohammed,365000,Retail
FZVNFBLRNT,Rajkovic,Blerton,350000,Retail
PSZOHHFJMJ,Ammann,Jeremias,173000,Retail
ADXFYVMDFJ,Läng,Bas,381000,Retail
SQFCCFLNRS,Leisinger,Beatrix,127000,Corporate
NCMVRNFAKQ,Kappeler,Miro,44000,Retail
VWRNZKBNJJ,Manser,Anya,83000,Retail
TRAOTNHRWX,Savary,Taim,110000,Retail
WDLTFFQDLK,Look,Márk,478000,Retail
LVDXTWFKUB,Lopes,Léna,173000,Retail
XFUQHGFNJU,Schultheis,Sofiane,273000,Retail
AYBIYWFOEK,Kulanthaivelu,Bahar,305000,Retail
HUBBAYMRIF,Kurtishi,Indigo,150000,Retail
ZGKXOBYFGO,Winter,Nevin,251000,Retail
AOHKCQNTRG,Spring,Léone,353000,Retail
IPIJHNBNAB,Ali Abdolla,Vincent,209000,Retail
EPMLNAUTUK,von Däniken,Luca,104000,Retail
CUWPWFXHDK,Vallée,Ariya,200000,Retail
XPNHGNQIQU,Achermann,Timofey,238000,Retail
LGHTTJSYOR,Bigler,Enea,58000,Retail
TCMOHRWKMV,Etterli,Marilou,116000,Retail
DPJKHNGJGD,Gumenna,Wayne,425000,Retail
KEMYAZJAFM,Bajkusa,Nessa,284000,Retail
DAHABQRGTW,Potkonjak,Niah,310000,Retail
TNXRPMHIYV,Brägger,Yoann,257000,Retail
FLNZIEBVSB,Lüthi,Kaya,267000,Retail
KIEODWIGPP,Walker,Maximos,321000,Retail
SOSCTQYKAH,Walser,Aylin,433000,Corporate
RGOQVUKIPQ,Vionnet,Malwina,163000,Retail
JGDKQQIYXN,de Sousa,Ludovico,38000,Retail
PEUTPKPSHN,Arslan,Nayara,115000,Retail
MEWPBADXZJ,Lehmann,Léopold,252000,Retail
NJTZQVWZTX,Reichen,Viviane,177000,Corporate
SRLJFYVAGQ,Eichenberger,Haneia,226000,Retail
TXXIEYATYP,Vogel,Malt,265000,Retail
TCOLZEACKJ,Gisler,Amen,240000,Retail
IGBRZNDXTW,Tschanz,Gréta,429000,Retail
IMSNULMCMR,Escalier,Luk,490000,Retail
UOEOHGVQGD,Marty,Elina,444000,Retail
ZBIKPWDBCJ,Muster,Elisabetta,193000,Retail
RNMQNEQHEZ,Eisler,Nedim,68000,Retail
SAMAGAYSXV,von Büren,Walter,223000,Retail
WJRJUJRYHV,Prêtre,Beryl,71000,Corporate
XYMJUMXWPF,Guillet,Tayo,214000,Retail
NKQZLBOSJW,Keller,Nyima,125000,Retail
UYKSWHNIMA,Rutschmann,Kara,168000,Corporate
YVOCJGMRUW,Tregouet,Gioia,89000,Retail
KIRJTOQKWZ,Henzi,Elodie,128000,Retail
AQFWJVAPAX,Egli,Anaël,27000,Retail
KNOHQSCZOS,Schaller,Ayan,464000,Retail
VVLESBESHW,Kunz,Niki,50000,Retail
TGRJSSHRTR,Kaiser,Leïa,189000,Retail
BCSMMBXLKU,Emurlahi,Yana,78000,Retail
FMGFTORCTP,Kucman,Mathea,76000,Retail
GSFQAPYWTZ,Karlen,Andriana,292000,Corporate
FWPOEYKBAH,Milano,Noh,48000,Retail
NVPIAJIJII,Frei,Amyra,200000,Retail
OVSYEWGSOR,Döbeli,Eugénie,103000,Retail
IGTIJYQGUY,Zihlmann,Soël,187000,Retail
DQWHPPFTUN,Claus,Francisca,103000,Retail
PRQRUPDJDC,Büchler,Alisan,99000,Retail
RICNEELAID,Perruchoud,Nian,85000,Retail
E9598E78,Dunand,Taya,251000,Retail
E4B93B9A,Lüchinger,Xena,89000,
01251D14,Mösch,Hannah,407000,
0BAA1DE0,Biedermann,Asaf,187000,
BC126EDF,Wolfsberger,Sudais,39000,
E4072440,Zinsli,Áurea,205000,
DE5038CE,Hablützel,Dorart,85000,
49F65878,Chen,Adaline,42000,
F69AE07D,Santos,Leya,282000,
A6054F83,Brunner,Elif,278000,
7D305D8C,Rey,Ariel,153000,
6F498300,Baumann,Teodoro,25000,
D5D2702F,Haxha,Jake,241000,
25E49537,Sahli,Dan,293000,
69A9DEB5,Schumacher,Avin,447000,
D12FD575,Meier,Aram,87000,
604629C3,Wegelin,Lenia,251000,
B4A4480B,Curti,Jonatan,55000,
AAA532C1,Lazri,Noë,313000,
6FBD51AA,Urosevic,Flora,75000,
7820BB56,Toggweiler,Omar,359000,
DCD6A679,Ucar,Lenny,302000,
397C06D5,Albelda,Suleiman,295000,
7A4EB79C,Marchi,Lucien,440000,
8924CAC9,Walker,Sereina,96000,
78FBEB41,Dallüge,Clovis,37000,
882F41EB,Gagliardi,Judy,245000,
50102437,Favale,Solyana,66000,
142FF0B5,Krause,Gennaro,104000,
37ED8025,Cappilli,Numa,183000,
EE20DD3F,Balzan,Keira,202000,
9209FB86,Kohler,Heidi,162000,
F17AD2F2,Giulini,Ajdin,65000,
B3791ABB,Schütz,Isaias,259000,
6A576318,Stark,Uvejs,120000,
CE25ABBF,Schouchana,Cornel,353000,
17A92A7C,Karaula,Louie,56000,
2EE8DDA2,Himaj,Zohra,164000,
DE6185A9,Holzgang,Ishak,87000,
EDF6EB09,Bozovic,Zainab,94000,
90B8148B,Busch,Thien,132000,
BAA4D9E1,Berisha,Aymeric,145000,
D74AF11E,Struyf,Ameo,267000,
0422B105,Krähenbühl,Vishnu,73000,
8CEB33EC,Kauz,Vienna,118000,
75536692,Reber,Luka,169000,
2356A42C,Kocsis,Rémy,186000,
677EC581,Oldrati,Naila,88000,
39B42036,Rizzo,Siem,144000,
FA7452B6,Derrer,Auri,144000,
6A9E7539,Flores,Mergen,234000,
D5C7FF2D,Rutz,Eliot,217000,
F7051A2B,Lukic,Fabiana,306000,
DC7EEB57,Speich,Hüma,115000,
898A7CA8,Guggisberg,Maylin,255000,
F8C41AC4,Fröhlich,Isia,237000,
DF0247C9,Vogel,Paulo,90000,
98857D90,Burch,Arab,267000,
ADCB4508,Roth,Rosa,89000,
F31A1CAE,Farner,Lilah,494000,
2BDE78F0,Dahinden,Yosyas,229000,
B4001F39,Kieffer,Layla,320000,
969A2158,Bovia,Aleksander,74000,
BE2A09C9,Metzger,Loan,99000,
E4A15645,Holderegger,Amaro,200000,
55A09459,Wildbolz,Asaf,265000,
0C13ABA6,Iellamo,Margaux,72000,
CD86CBF6,Reichenbach,Mitja,144000,
3BB62F5C,Gallay,Ismaele,420000,
A40F10FD,Klaus,Milana,241000,
375184F8,Emini,Yostina,210000,
424CBB15,Maeder,Polina,202000,
AA039E21,Vogt,Yasir,135000,
8599F791,Ammann,Ryan,236000,
46C9F527,Kropf,Onna,33000,
8B385D1C,Briker,Pola,259000,
4CA974BE,Majstorovic,Yash,52000,
2BF369A5,Bühler,Vincent,83000,
BA6D91FB,Nappi,Joud,316000,
471648CC,Reymond,Ardian,191000,
EB48FC10,Abt,Lori,364000,
E07A9AA2,Cury,Katryn,358000,
887B3751,Ayyad,Pino,71000,
B7FDD682,Hamidovic,Taylan,317000,
4C885120,Zurkinden,Naima,198000,
F7AF1542,Waeber,Dalina,220000,
CE6A3EC1,Kaufmann,Raphaela,289000,
8D6B984C,Frehner,Otto,105000,
FC6E74AB,Wehrli,Maëlle,108000,
1B15B92F,Girod,Juli,179000,
C643F618,Stucki,Sulayman,46000,
9F8C9600,Schraner,Joachim,219000,
44D4F957,Grassi,Eiliyah,344000,
FCCEA4A5,Cerejo,Jude,102000,
C89618ED,Walde,Tina,248000,
C72BC939,Giacomazzi,Sienna,72000,
7E39B106,Hochstrasser,Léandro,116000,
DFE4AB92,Rodrigues,Amelia,317000,
7FCB563E,Strong,Ilvy,203000,
ED29C4B2,Baumberger,Morgane,211000,
7264595C,Luginbühl,Léticia,388000,
175BC662,Müller,Zaccaria,246000,
AFBF5401,Denzler,Anouk,381000,
59604ECB,Wagner,Emilie,23000,
761320F6,Brogle,Étienne,226000,
5A49267A,Neeser,Gauthier,70000,
A3FB293C,Greiter,Ishak,102000,
D78ABC28,Gargantini,Danis,267000,
7D8A6642,Grawehr,Elenor,78000,
2F9EAFC6,Jeannet,Flora,396000,
DA4AFAAB,Bohnenblust,Levia,216000,
82CC5D6C,Stampfli,Marielle,89000,
689B12D3,Boggia,Dari,98000,
624A6466,Tercero,Laury,138000,
B33EC557,Price,Runa,100000,
B2C7AE29,Alice,Ona,242000,
96CF526F,Huber,Miliano,137000,
0A4AC784,Aeschlimann,Arden,349000,
0413180F,Bachelard,Ideal,214000,
F7E11206,Bosoni,Murad,169000,
2ADA3E90,Giannini,Ferris,61000,
4AD77854,Klossner,Thibaud,73000,
79FB54EE,Brütsch,Ledian,204000,
5A7EB95D,Rüttimann,Orhan,304000,
E55B35AE,Kupr,Amra,328000,
81C9AB23,Loubignac,Javier,355000,
96FEBEF3,Tobler,Silvana,263000,
50F8407F,Calabrese,Abdou,270000,
92CAF912,Stäheli,Nikos,62000,
84BFAE0C,Baumann,Adhira,239000,
CD047100,Holenweger,Yousef,29000,
C86EA609,Nef,Aleksandar,131000,
09183FC7,Berisha,Valeo,86000,
0940516F,Greder,Yuno,315000,
16145000,Etter,Ilayda,70000,
4791BED3,Frkovic,Elizabeth,290000,
F229A0BA,Batra,John,104000,
BF34FF6E,Lechner,Angie,388000,
75926F01,Proietto,Zehra,207000,
0AFFDBB2,Arn,Amayah,232000,
83DA632A,Coelho,Lasse,96000,
C45E569D,Anselmo,Adrien,407000,
E103463D,Leszczynska,Noé,133000,
E5819264,Jost,Pars,205000,
989B1CE4,Ericsson,Nolen,104000,
1A08C3A6,Draghici,Malie,190000,
6FA7ACEF,Bauckhage,Bora,289000,
20DD5AFF,Amsler,Mayron,53000,
912B2D7D,Unternährer,Simão,294000,
98670B48,Gomes,Ares,238000,
38DEBD04,Meier,Aresa,133000,
D73A8F33,Christen,Maxima,211000,
A030D532,Seuret,Dániel,144000,
75CF38DA,Bovier,Natália,99000,
0BECD52F,Crausaz,Sirin,145000,
6D6A19A2,Lisé,Lyana,332000,
F8538826,Reinhard,Isaline,79000,
87898D36,Rusch,Aymira,31000,
4429CD22,Niklaus,Sacha,75000,
B9B8222D,Wyss,Thorben,116000,
FFBD498A,Stettler,Hope,109000,
6C23304A,Schumacher,Lidya,275000,
56FF833B,Kläui,Claudia,189000,
CC0EC593,Kofmel,Arjin,46000,
298521A2,Prêtre,Jagna,418000,
DCE48FDD,Rychener,Detar,101000,
E8C37B5E,Pushkar,Ilda,114000,
FAD01BCE,Demirci,Numa,99000,
BA485C34,Zumbach,Till,286000,
42137D14,Chenuz,Arnid,62000,
CA9853EF,Tedesco,Nolann,373000,
4D995F34,Strbac,Alfred,86000,
062D35E6,Studer,Nolawi,190000,
127FCA9F,Villanueva,Elisabetta,86000,
247BBB70,Duss,Raoul,81000,
20C231D2,Zaklekta,Manoa,52000,
DB475040,Kirch,Kevyn,49000,
A8B37548,Tewelde,Asim,156000,
ABBB00FB,Kreuzer,Melek,304000,
603294F9,Bartosik,Viktorija,267000,
416866F9,Zuffellato,Altin,204000,
58529DFD,Salih,Ibrahima,28000,
A6BC4F9D,Köhli,Nori,234000,
6CD1BDFE,Carrea,Soraya,187000,
26628F53,Stiefel,Célia,29000,
74F81541,Witzig,Soléa,354000,
3CE38BBB,Beck,Fredy,67000,
3062990B,Banson,Riyan,455000,
434050C8,Schaub,Amiel,198000,
32A74F8B,Vioglio,Isaac,287000,
EBD51AAB,Reinhardt,Egor,307000,
F907F1FD,Rudolf,Kira,81000,
96E953B2,Strübi,Stella,279000,
6F26D7CF,Arnold,Arjen,179000,
5CF1F9F1,Mouron,Liam,300000,
9822C46E,Hiltbrunner,Lilou,239000,
18C3EA5D,Loretz,Lenard,229000,
049B4E54,Mégevand,Isa,45000,
A0C8778B,Linder,Salwa,204000,
BC666399,Mahchichi,Wyn,356000,
6A20ABC8,Egger,Moise,81000,
A5C7AFB6,Albisser,Karla,172000,
A95842EF,Felix,Wael,172000,
BA5CEF53,Santos,Hermela,46000,
A309968C,Pereira,Ani,468000,
7D308616,Hügli,Maelys,206000,
87757405,Richard,Henor,299000,
9E2DF836,Hannaford,Liron,57000,
6FEF07E0,Bal,Fidel,109000,
A087CC8D,Bennett,Nil,146000,
58ECB3B1,Oliva,Kenzo,192000,
B0D57F49,Oppliger,Rihanna,31000,
180F5E80,Cekic,Irini,272000,
CF49DD10,Aleksic,Maia,341000,
FCCDC8AF,Nowak,Solene,69000,
679B1F69,Gisler,Magnus,255000,
39FB4C0C,Phan,Tristan,143000,
D3D2EA60,Torriani,Suana,273000,
C1C80E8C,Stehling,Marisol,236000,
51E39C21,Lenggenhager,Alisha,238000,
4E1AD94C,Franchina,Yonatan,30000,
