CollateralID,PropertyMarketValue,PropertyMarketValue_CCY,PropertyType,,PropertyAddressCountry,PropertyAddressPostalCodeCity,PropertyAddressStreet,PropertyAddressStreetNumber
86RSJJDDVKKV,1660000,CHF,Apartment,,Switzerland,6345 Neuheim,Im Blatt D,64
84ZXLYPOTIGW,1945000,CHF,Single-Family Home,,Switzerland,2746 Crémines,Rue de l'Industrie,17
79ZFBKNGOZRW,517000,CHF,Apartment,,Switzerland,3658 Merligen,Bühlstrasse,177
83LVPBODCOEP,2754000,CHF,Single-Family Home,,Switzerland,8496 Steg im Tösstal,Hinterstrahlegg,81
67NBVAMMXOHZ,1042000,CHF,Apartment,,Switzerland,4543 Deitingen,Bürgerwald,282
75SIHBGFTZFX,1003000,CHF,Apartment,,Switzerland,3989 Blitzingen,Ammerenweg,163
65YNXRMEPRRO,1994000,CHF,Apartment,,Switzerland,8112 Otelfingen,Maiweg,223
70YDQFFCMZFT,1622000,CHF,Single-Family Home,,Switzerland,2536 Plagne,Les Chevalerets,5
66YKCCXZHOPQ,958000,CHF,Apartment,,Switzerland,8492 Wila,Tablat,59
87SCXMTQEOPW,2062000,CHF,Apartment,,Switzerland,4054 Basel,Buchenstrasse,115
75HPVXEEJAAL,825000,CHF,Single-Family Home,,Switzerland,6677 Aurigeno,Barbatìa,112
76EKMNVLAATI,903000,CHF,Apartment,,Switzerland,8545 Rickenbach ZH,Bungertstrasse,5
83YCZQHMJACU,1481000,CHF,Apartment,,Switzerland,3006 Bern,Feld-rhÿthmen,180
85BTVQBGJKPU,3987000,CHF,Apartment,,Switzerland,6557 Cama,Via a la Gesa,106
83BYGPQVHPFN,516000,CHF,Apartment,,Switzerland,6440 Brunnen,Untere Schwertern,179
79SLXFUPZAAE,1778000,CHF,Apartment,,Switzerland,1083 Mézières VD,Grand-Rue,254
65BQPLJISCFR,1987000,CHF,Apartment,,Switzerland,8514 Amlikon-Bissegg,Starenweg,32
71ECVEPBQZLJ,1149000,CHF,Apartment,,Switzerland,5620 Bremgarten AG,Antonigasse,42
78RCFTGBSXKP,2252000,CHF,Multi-Family Home,,Switzerland,8006 Zürich,Schäppistrasse,130
89XNJJMTKEIH,1976000,CHF,Single-Family Home,,Switzerland,1303 Penthaz,Chemin de Sorrettaz,7
84OJHZRLMSAX,735000,CHF,Single-Family Home,,Switzerland,8303 Bassersdorf,Leigruebweg,80
74WOHRUKPBTX,1091000,CHF,Apartment,,Switzerland,1223 Cologny,Chemin de la Gradelle,50
74HGYECUQBIM,1827000,CHF,Single-Family Home,,Switzerland,1736 St. Silvester,Tscherla,267
67LYMRSRTDYW,1137000,CHF,Single-Family Home,,Switzerland,1997 Haute-Nendaz,Chemin des Crêtes,194
69SZCJORROMW,544000,CHF,Single-Family Home,,Switzerland,9443 Widnau,Uebrigstrasse,29
65PSFRSQIATH,1024000,CHF,Apartment,,Switzerland,8044 Zürich,Loorenkopfstrasse,161
65DQIDJSZWVO,821000,CHF,Single-Family Home,,Switzerland,3758 Latterbach,Bären,255
72XXXISFORCM,1046000,CHF,Apartment,,Switzerland,1293 Bellevue,Parc des Aiglettes,139
71UJOLAHVRAV,1831000,CHF,Single-Family Home,,Switzerland,1718 Rechthalten,Hereschür,69
65CHLGYCFGJC,1366000,CHF,Apartment,,Switzerland,9475 Sevelen,Inselweg,124
71QEIOPVAYDH,1053000,CHF,Apartment,,Switzerland,1263 Crassier,Chemin de la Bobinette,52
85FZPRJCZWEF,1176000,CHF,Apartment,,Switzerland,1302 Vufflens-la-Ville,Chemin des Grands-Champs,276
86KYVBRBJINL,2342000,CHF,Apartment,,Switzerland,8889 Plons,Schickstrasse,253
80PRBUKDLAZU,1194000,CHF,Apartment,,Switzerland,3462 Weier im Emmental,Lempenmatt-Neuhaus,58
87XDDJEVFLZR,1577000,CHF,Apartment,,Switzerland,4853 Riken AG,Felli,247
87SSFJKFECXN,3226000,CHF,Apartment,,Switzerland,3855 Axalp,Brandfluhweg,28
73YCSNCPNSMU,1846000,CHF,Apartment,,Switzerland,3901 Rothwald,Hackber,292
82CYLFAARQDC,1993000,CHF,Apartment,,Switzerland,7148 Lumbrein,Via Surin,192
80XVRXDAVELA,1288000,CHF,Single-Family Home,,Switzerland,6246 Altishofen,Jägerhüttenstrasse,91
65WTTRPBXWWN,764000,CHF,Apartment,,Switzerland,1202 Genève,Rue de la Poterie,271
69KPOCXWMGXN,746000,CHF,Apartment,,Switzerland,8725 Ernetschwil,Uznacherstrasse,131
75TDCZXDVIDW,825000,CHF,Apartment,,Switzerland,7554 Sent,God Nair,134
77OYKDQXDPGN,3702000,CHF,Apartment,,Switzerland,1789 Lugnorre,Route du Mont,30
71DMOIXZVCJF,3688000,CHF,Apartment,,Switzerland,4323 Wallbach,Schybenstuckweg,176
77MSYYKPMOBM,3064000,CHF,Single-Family Home,,Switzerland,9036 Grub SG,Sonder,224
73CQSTGSYBPN,2052000,CHF,Apartment,,Switzerland,2829 Vermes,Le Grand Ramboden,254
90VXMBWFTIKT,619000,CHF,Apartment,,Switzerland,1897 Bouveret,Route de l'Eglise,38
73UEMIXXIMHY,3879000,CHF,Apartment,,Switzerland,9475 Sevelen,Amplasurweg,297
69FRLEKPXCWK,1712000,CHF,Single-Family Home,,Switzerland,9036 Grub SG,Schwendihaldenwaldweg,142
67PXBMWEEJFV,1950000,CHF,Multi-Family Home,,Switzerland,9300 Wittenbach,Lässerhofstrasse,190
72XWNJGZPBQF,1724000,CHF,Apartment,,Switzerland,6234 Triengen,Gruebstrasse,122
74RQBGAVEFER,1931000,CHF,Apartment,,Switzerland,1907 Saxon,Route de l'Ouest,81
66UKEJVCQTMN,1285000,CHF,Single-Family Home,,Switzerland,8200 Schaffhausen,Falkenstrasse,179
84LJPUFQCTOA,956000,CHF,Single-Family Home,,Switzerland,3806 Bönigen b. Interlaken,Chapelligässli,2
67EVGYLPBFMC,686000,CHF,Apartment,,Switzerland,7530 Zernez,Viel da Gallas,218
83HOMXRUXOHU,4121000,CHF,Apartment,,Switzerland,1308 La Chaux (Cossonay),Chemin de l'Arzillier,245
84AKCBKOEBBD,860000,CHF,Apartment,,Switzerland,8174 Stadel b. Niederglatt,Kiesstrasse,204
81LEIERKUDEX,2911000,CHF,Apartment,,Switzerland,6485 Meien,Seewenhütte,205
74DNRVTJZXKV,1607000,CHF,Single-Family Home,,Switzerland,8194 Hüntwangen,Langfuristrasse,111
75FPWJSUGFHL,2961000,CHF,Apartment,,Switzerland,6914 Carona,Via Orino,203
72XNSJLCNZOT,1768000,CHF,Single-Family Home,,Switzerland,8253 Diessenhofen,Am Teuchelweiher,140
88IJIRCRFQHZ,3979000,CHF,Single-Family Home,,Switzerland,8624 Grüt (Gossau ZH),Wolfrichtistrasse,229
83BOFMXUBOHB,712000,CHF,Apartment,,Switzerland,1627 Vaulruz,Paudex,212
69WXTJNGCJKS,2577000,CHF,Single-Family Home,,Switzerland,2738 Court,Les Gotattes,149
83WQANMLQMWG,1286000,CHF,Single-Family Home,,Switzerland,9400 Rorschach,Ochsengartenweg,143
81VANBCUHFOH,957000,CHF,Single-Family Home,,Switzerland,4419 Lupsingen,Hölzliweg,128
69HZUCIZXMLW,2984000,CHF,Single-Family Home,,Switzerland,9435 Heerbrugg,Brändlistrasse,137
77FOESMVLXRK,1304000,CHF,Apartment,,Switzerland,1400 Yverdon-les-Bains,Chemin du Vallon,12
69PTVXFSLIZC,2999000,CHF,Single-Family Home,,Switzerland,8555 Müllheim Dorf,Gasse,75
70NVVZTQGJLO,2615000,CHF,Apartment,,Switzerland,5305 Unterendingen,Unterdorfstrasse,138
76NQKOXUACWZ,1386000,CHF,Single-Family Home,,Switzerland,8906 Bonstetten,Ottostrasse,162
83ZCBZKYDTPK,1776000,CHF,Single-Family Home,,Switzerland,8902 Urdorf,Keimlerweg,18
65WQVCDFUCWW,716000,CHF,Apartment,,Switzerland,9464 Rüthi (Rheintal),Wuhrstrasse,202
74IAGLPNGDJD,1585000,CHF,Single-Family Home,,Switzerland,3625 Heiligenschwendi,Uf der Brach,286
77OZWQLJQULN,1893000,CHF,Apartment,,Switzerland,3186 Düdingen,Garmiswil,84
69FDIWEVNZZI,507000,CHF,Apartment,,Switzerland,9470 Werdenberg,Sperlingweg,49
73MTOFFSFXMC,1012000,CHF,Apartment,,Switzerland,4663 Aarburg,Grabenstrasse,70
90AGCRUYLEII,1258000,CHF,Multi-Family Home,,Switzerland,2805 Soyhières,La Cantine,110
79HVEVHRCQZJ,1340000,CHF,Apartment,,Switzerland,9245 Oberbüren,Widenweg,232
75BZUIFXTZKP,1670000,CHF,Single-Family Home,,Switzerland,6236 Wilihof,Burstwaldweg,35
89VFXJGZKEYK,3659000,CHF,Apartment,,Switzerland,3766 Boltigen,Chriegsmoos,282
72JGDWDLURQZ,1484000,CHF,Apartment,,Switzerland,8722 Kaltbrunn,Hauswieseweg,264
85JHJZSMYMAX,2820000,CHF,Apartment,,Switzerland,6672 Gordevio,ai Rïégn,20
81EQOMDIYYSL,1402000,CHF,Apartment,,Switzerland,8570 Weinfelden,Steinachstrasse,195
86QKEZGJFOLA,4348000,CHF,Apartment,,Switzerland,3125 Toffen,Müschmatte,76
74UAACNYHNLZ,1054000,CHF,Apartment,,Switzerland,8048 Zürich,Mösliweg,81
69HCRBHETSTH,843000,CHF,Single-Family Home,,Switzerland,3555 Trubschachen,Hintere Stärenegg,30
66ZEWPGXVVLO,3069000,CHF,Apartment,,Switzerland,4132 Muttenz,Hinterzweienstrasse,97
71BKYGEAPNCS,856000,CHF,Apartment,,Switzerland,8376 Fischingen,Schwand,222
81RSPKRSBSYJ,1326000,CHF,Apartment,,Switzerland,3974 Mollens VS,Impasse des Frênes,81
74SDCYOFQOKH,2500000,CHF,Single-Family Home,,Switzerland,5023 Biberstein,Jungenbergstrasse,13
69HOZIZERFZC,687000,CHF,Apartment,,Switzerland,8966 Oberwil-Lieli,Sonnhalde,279
82VXUETECBAM,171000,CHF,Multi-Family Home,,Switzerland,1008 Prilly,Chemin de Fontadel,152
66RUBZUZYQBW,671000,CHF,Single-Family Home,,Switzerland,4434 Hölstein,Gründen,209
82WCAAAYGVWG,1657000,CHF,Single-Family Home,,Switzerland,8603 Schwerzenbach,Guntenbachstrasse,73
70LNAYVKJHXT,2581000,CHF,Apartment,,Switzerland,9469 Haag (Rheintal),Bordweg,75
87BEWWVRSLRY,1037000,CHF,Single-Family Home,,Switzerland,5600 Lenzburg,Fliederweg,212
67RDUKSATFHU,1939000,CHF,Apartment,,Switzerland,8425 Oberembrach,Brandstrasse,295
81BPEYJZYWWP,979000,CHF,Apartment,,Switzerland,4460 Gelterkinden,Bleichiring,175
82BITKOWTFWA,1967000,CHF,Single-Family Home,,Switzerland,8462 Rheinau,Irchelstrasse,154
73QMWYVDGKUN,1630000,CHF,Apartment,,Switzerland,5430 Wettingen,Isatzweg,28
83BFGPAXFABQ,2819000,CHF,Apartment,,Switzerland,9125 Brunnadern,Dürrenbachweg,220
82FMOKHPHLSJ,1411000,CHF,Single-Family Home,,Switzerland,1091 Aran,Route du Signal,221
74TCAVMQJPTF,2182000,CHF,Single-Family Home,,Switzerland,9246 Niederbüren,Gauhusenstrasse,255
89JCZRHRYHRH,2866000,CHF,Apartment,,Switzerland,5737 Menziken,Eckstrasse,159
85CHCBFHWLNA,1849000,CHF,Single-Family Home,,Switzerland,7000 Chur,Reservoirweg,250
85DFVJSNLPQF,968000,CHF,Apartment,,Switzerland,3368 Bleienbach,Neumatt,16
73JAUGJFTHAI,658000,CHF,Apartment,,Switzerland,9204 Andwil SG,Rütistrasse,115
65SVOWUNNSWG,615000,CHF,Single-Family Home,,Switzerland,5466 Kaiserstuhl AG,Strehlgasse,37
72JZUUWBNOTV,2779000,CHF,Single-Family Home,,Switzerland,8459 Volken,Schwerzistrasse,187
67OYTKUHTRCT,1346000,CHF,Single-Family Home,,Switzerland,1996 Brignon (Nendaz),Chemin de Preyon,250
84LAUCTKFTVU,2441000,CHF,Apartment,,Switzerland,1475 Autavaux,Chemin des Alpes,274
78PENRBWSZAF,1733000,CHF,Apartment,,Switzerland,4652 Winznau,Sportweg,18
78ZAJPXRGVIJ,1068000,CHF,Single-Family Home,,Switzerland,1256 Troinex,Avenue des Pommiers,80
68HAZJSXHLSE,753000,CHF,Apartment,,Switzerland,9604 Lütisburg,Scheigassstrasse,71
66JHZIGSERKP,1580000,CHF,Apartment,,Switzerland,8856 Tuggen,Böschenweg,249
84ARIYFURYJR,2954000,CHF,Single-Family Home,,Switzerland,4950 Huttwil,Roggenweg,15
66YHSCPZRUFX,1257000,CHF,Apartment,,Switzerland,8051 Zürich,Brandbachweg,246
83ZAZCQGXWLU,1492000,CHF,Apartment,,Switzerland,4917 Melchnau,Schiltackerstrasse,105
90OQGWRGAQYN,476000,CHF,Apartment,,Switzerland,7436 Medels im Rheinwald,Dörfliweg,124
85HZPMLEICTG,1328000,CHF,Single-Family Home,,Switzerland,6382 Büren NW,Ursprungstrasse,262
80ISOBHJMNGN,303000,CHF,Apartment,,Switzerland,6998 Monteggio,Via Campagna,216
82MGIRTSTUSR,2246000,CHF,Apartment,,Switzerland,1400 Yverdon-les-Bains,Ruelle de la Cure,74
75LDKLWKGLOJ,2026000,CHF,Apartment,,Switzerland,9304 Bernhardzell,Dickenstrasse,199
75FVQSSWAUJO,1329000,CHF,Apartment,,Switzerland,9105 Schönengrund,Möseren,196
86OMTEADBKCS,597000,CHF,Single-Family Home,,Switzerland,3427 Utzenstorf,Feld,102
87JXVPCCLKOA,1126000,CHF,Single-Family Home,,Switzerland,8107 Buchs ZH,Schönenbergweg,280
83XIZLRCRMNX,2424000,CHF,Apartment,,Switzerland,6900 Lugano,Via Beltramina,172
72RETLMPPXQO,4163000,CHF,Single-Family Home,,Switzerland,6133 Hergiswil b. Willisau,Rosenmatt,34
73LCDCKHKPVY,1813000,CHF,Apartment,,Switzerland,1908 Riddes,Impasse de l'ancien Abattoir,60
65KUYWFPJPQQ,1594000,CHF,Apartment,,Switzerland,3922 Kalpetran,Kalpetranstrasse,46
77ZQHKYTLIMA,2060000,CHF,Apartment,,Switzerland,8545 Rickenbach Sulz,Gmeindrüti,63
74UAZAUVKZXZ,3231000,CHF,Apartment,,Switzerland,3634 Thierachern,Räbgass,259
89ILPYMFZIQT,1308000,CHF,Apartment,,Switzerland,9534 Gähwil,Waldwisweg,146
75YZUHCKRMLP,1293000,CHF,Apartment,,Switzerland,2854 Bassecourt,Rue du Franc Village,256
69NCHNMFROZF,1823000,CHF,Single-Family Home,,Switzerland,4153 Reinach BL,Buchweg,257
85GDTMNDRZFI,2978000,CHF,Single-Family Home,,Switzerland,8274 Tägerwilen,Alleeweg,81
76VFFASGBHOD,320000,CHF,Apartment,,Switzerland,9422 Staad SG,Neuhofstrasse,52
81NDFRKBOQFL,868000,CHF,Single-Family Home,,Switzerland,3804 Habkern,Fäldmoos,297
74TCTMUZYUZS,2034000,CHF,Apartment,,Switzerland,9475 Sevelen,Carnolweg,172
90YKIAQDBUMZ,1610000,CHF,Apartment,,Switzerland,8834 Schindellegi,Neuhof,93
68YOUVUFPUEN,806000,CHF,Apartment,,Switzerland,4444 Rümlingen,Langmattstrasse,33
76FNPUTOZSNK,483000,CHF,Single-Family Home,,Switzerland,9621 Oberhelfenschwil,Steigweg,47
68DFSXWZFCZN,1013000,CHF,Apartment,,Switzerland,8903 Birmensdorf ZH,Stöckenstrasse,121
77KRTPCLLYXL,2482000,CHF,Apartment,,Switzerland,8192 Glattfelden,Signalacherstrasse,258
76CUXTTFZVUX,2332000,CHF,Apartment,,Switzerland,5026 Densbüren,Weissackerweg,36
67VEXIELKMWF,1300000,CHF,Apartment,,Switzerland,9473 Gams,Eggli,87
84VYWTLHWGEZ,1606000,CHF,Apartment,,Switzerland,8344 Bäretswil,Rainstrasse,257
72NTASMZHNNW,697000,CHF,Apartment,,Switzerland,4629 Fulenbach,Neumattstrasse,145
74UUXRHNBNLZ,493000,CHF,Single-Family Home,,Switzerland,8505 Pfyn,Poststrasse,176
86UBUCBJUXVF,1080000,CHF,Apartment,,Switzerland,5600 Lenzburg,Gexiweg Süd,277
72PWVNRGVBXC,823000,CHF,Apartment,,Switzerland,6388 Grafenort,Linden,76
73BAMEZJRSGE,2274000,CHF,Apartment,,Switzerland,3365 Grasswil,Haldenweg,188
66IXNTLSKCSY,506000,CHF,Apartment,,Switzerland,1782 Belfaux,Chemin des Grands-Esserts,191
71HJONANXSCS,683000,CHF,Apartment,,Switzerland,3961 Ayer,Ruelle du Vieux Village,110
74QCOZFJMPLG,2022000,CHF,Apartment,,Switzerland,7056 Molinis,Chirchwäg,181
67OJBANIXZQQ,962000,CHF,Apartment,,Switzerland,1897 Les Evouettes,La Grand Jeur,209
70CUKHNUGYOX,2960000,CHF,Apartment,,Switzerland,6703 Osogna,la Vigna di Pái,126
79YCPUBGUZWQ,1445000,CHF,Apartment,,Switzerland,1066 Epalinges,Chemin de Florimont,116
75FMEURDORNQ,942000,CHF,Single-Family Home,,Switzerland,8873 Amden,Untersellen-Rossack,19
84FFHMBFHPMH,1315000,CHF,Apartment,,Switzerland,8360 Wallenwil,Tulpenstrasse,147
77UNJIKIONUN,1684000,CHF,Single-Family Home,,Switzerland,5608 Stetten AG,Honertstrasse,289
77VTCUNRJJZB,1582000,CHF,Apartment,,Switzerland,8820 Wädenswil,Sonnmattstrasse,241
87IJFMQYLULL,3155000,CHF,Single-Family Home,,Switzerland,1822 Chernex,Chemin de Chaméroz,51
67DTTELGZPAY,3528000,CHF,Apartment,,Switzerland,8706 Meilen,Feldgüetliweg,286
65OQPMDEEWSE,1382000,CHF,Apartment,,Switzerland,3954 Leukerbad,Weidenweg,129
68SBUKVVSVZX,1930000,CHF,Single-Family Home,,Switzerland,3618 Süderen,Süderenlinden,256
89BFRZIHNHUV,1110000,CHF,Apartment,,Switzerland,1950 Sion,Chemin du Lazaret,220
85DUUVTSRHMV,5043000,CHF,Single-Family Home,,Switzerland,8107 Buchs ZH,Boppelserstrasse,263
66RYEZZFMMKT,1594000,CHF,Single-Family Home,,Switzerland,8413 Neftenbach,Klingenbergstrasse,129
67YATGTCGMBV,1540000,CHF,Single-Family Home,,Switzerland,8302 Kloten,Hohrütistrasse,32
71SCBWPJWDRE,1180000,CHF,Apartment,,Switzerland,1030 Bussigny,Chemin des Esserts,63
67VBNTMFNCSY,902000,CHF,Single-Family Home,,Switzerland,1652 Botterens,Chemin de l'Epenetta,148
68UDVLLULBZG,1232000,CHF,Apartment,,Switzerland,6533 Lumino,Stráda par la Vall d'Arbéd,4
75VMOZWPJDYN,554000,CHF,Apartment,,Switzerland,9547 Wittenwil,Weiern-Steinwiesenstrasse,87
87ELFIVHDMWC,804000,CHF,Single-Family Home,,Switzerland,8735 Rüeterswil,Wili,235
70QZAEOLURGJ,3065000,CHF,Multi-Family Home,,Switzerland,4133 Pratteln,Münchackerstrasse,294
67LSBTEXCTOG,2646000,CHF,Single-Family Home,,Switzerland,9602 Bazenheid,Brääggstichweg,185
68BHJKPOVYOW,139000,CHF,Single-Family Home,,Switzerland,6433 Stoos SZ,Firnboden,106
72UYTEQSJEGM,1780000,CHF,Multi-Family Home,,Switzerland,2114 Fleurier,Rue de la Citadelle,89
87MNHEZLFULX,1556000,CHF,Apartment,,Switzerland,6648 Minusio,Vicolo Vertadello,286
77NCRPXKEFWU,1078000,CHF,Single-Family Home,,Switzerland,7144 Vella,Sur Trutg,256
79QQCWWXFOTR,1628000,CHF,Single-Family Home,,Switzerland,3283 Kallnach,Buttenrain,231
78NMAGQPREKE,2658000,CHF,Apartment,,Switzerland,9542 Münchwilen TG,Murgtalstrasse,288
85YPJPHMKWVC,3606000,CHF,Single-Family Home,,Switzerland,5712 Beinwil am See,Neumatt,127
85VZKINMEUDW,734000,CHF,Single-Family Home,,Switzerland,3550 Langnau im Emmental,Hüselmatte,44
70MTFKPQWOSW,1406000,CHF,Single-Family Home,,Switzerland,5622 Waltenschwil,Maiächerstrasse,210
76ZSFEKANSCQ,1373000,CHF,Apartment,,Switzerland,1063 Chapelle-sur-Moudon,Les Bioleyres,12
84HCWRHNTIZL,1125000,CHF,Apartment,,Switzerland,9642 Ebnat-Kappel,Geisserböden,198
90QCIRWNOWXB,555000,CHF,Apartment,,Switzerland,6527 Lodrino,Rossura,99
69TCVTBYPBYI,1118000,CHF,Apartment,,Switzerland,7324 Vilters,Härtistrasse,252
90OXQDJPEVGW,2476000,CHF,Apartment,,Switzerland,8854 Siebnen,Gelbbergstrasse,134
89EYJTTOBSQZ,984000,CHF,Apartment,,Switzerland,3322 Urtenen-Schönbühl,Alte Bernstrasse,35
68AHUPAOGEDM,1628000,CHF,Apartment,,Switzerland,3158 Guggisberg,Hetzelschwendiallmend,148
76HBVCKVZJOI,1035000,CHF,Apartment,,Switzerland,8136 Gattikon,Rütimatt,45
78IRNTNKGZHQ,1342000,CHF,Single-Family Home,,Switzerland,8816 Hirzel,Cholgrueb,205
87HWWFJHXMAI,1322000,CHF,Apartment,,Switzerland,8125 Zollikerberg,Hanflandstrasse,79
68HBQPKLZRZM,703000,CHF,Apartment,,Switzerland,9105 Schönengrund,Oberwald,282
82LKZLTFRVAA,1802000,CHF,Single-Family Home,,Switzerland,5236 Remigen,Leeweg,51
79DWPPQSVGZV,445000,CHF,Multi-Family Home,,Switzerland,4436 Liedertswil,Studenfluh,229
90MVVUIGMQTZ,2172000,CHF,Single-Family Home,,Switzerland,8932 Mettmenstetten,Im Loo,292
76HZURWDTCPF,2902000,CHF,Multi-Family Home,,Switzerland,8934 Knonau,Alpenblickstrasse,178
65UUHTOALTHH,1197000,CHF,Apartment,,Switzerland,1614 Granges (Veveyse),Languebert,128
75NCJASSXGSQ,1784000,CHF,Apartment,,Switzerland,3018 Bern,Morgenstrasse,45
90YIHQSEHIRL,886000,CHF,Apartment,,Switzerland,1860 Aigle,Chemin des Oisillons,277
83VPKDJYCCPG,888000,CHF,Single-Family Home,,Switzerland,4917 Busswil b. Melchnau,Birlihof,107
74PSHLPUJRTJ,965000,CHF,Single-Family Home,,Switzerland,8006 Zürich,Herrenbergstrasse,269
74AJQIHGOQGR,864000,CHF,Single-Family Home,,Switzerland,8307 Ottikon b. Kemptthal,Sattelweg,246
80BFQLEDKKZT,1172000,CHF,Apartment,,Switzerland,1712 Tafers,Zelgstrasse,275
89UNKMEMSNEJ,2213000,CHF,Apartment,,Switzerland,8835 Feusisberg,Feldstrasse,138
66YSMXKBHMTV,2009000,CHF,Single-Family Home,,Switzerland,9443 Widnau,Diepoldsauerstrasse,285
85KGEWMCCLWB,1585000,CHF,Apartment,,Switzerland,2605 Sonceboz-Sombeval,Chemin des Noisetiers,261
75PNMGNUZSPR,1337000,CHF,Apartment,,Switzerland,8604 Volketswil,Cheibenrietweg,72
68EMOINYXSTS,1341000,CHF,Apartment,,Switzerland,7186 Segnas,Via Valzeinza,12
79YLMWIYSJYV,1394000,CHF,Apartment,,Switzerland,6382 Büren NW,Kantonsstrasse,55
86ISSHFMKXES,1580000,CHF,Apartment,,Switzerland,7320 Sargans,Neue Wangserstrasse,119
86FXXKVXKTOY,1991000,CHF,Apartment,,Switzerland,4058 Basel,Clarastrasse,123
83JOMZOFXZDK,1792000,CHF,Apartment,,Switzerland,4800 Zofingen,Marktgasse,185
73RCXJJMJBPR,1876000,CHF,Apartment,,Switzerland,9413 Oberegg,Rain,19
66OTGKRGPBDP,179000,CHF,Single-Family Home,,Switzerland,1468 Cheyres,Chemin de la Planta-Marion,163
76EMRAWMRAFY,1065000,CHF,Apartment,,Switzerland,3157 Milken,Ahorn,187
89OTHBSHTWXW,1063000,CHF,Apartment,,Switzerland,1092 Belmont-sur-Lausanne,Chemin de la Combe,246
82EURTIRLMQQ,3323000,CHF,Apartment,,Switzerland,3716 Kandergrund,Schmucki,260
66AQVZBGGTFG,2122000,CHF,Single-Family Home,,Switzerland,1522 Lucens,Chemin de la Ferme,260
75HPOHSUBFQZ,3051000,CHF,Apartment,,Switzerland,7180 Disentis/Mustér,Via Fontanivas,21
80TUQHZUUPFS,1338000,CHF,Apartment,,Switzerland,6422 Steinen,Steinerbergstrasse,116
76AUTXZMMUUE,141000,CHF,Single-Family Home,,Switzerland,4563 Gerlafingen,Wiesenfeldstrasse,179
83YKVWHAANPZ,1331000,CHF,Apartment,,Switzerland,9245 Oberbüren,Schalmenackerweg,285
81FQOQKPSQDE,2582000,CHF,Single-Family Home,,Switzerland,3926 Embd,Fluhstrasse,278
72YRURYNAVQA,3504000,CHF,Apartment,,Switzerland,3110 Münsingen,Sonnhaldeweg,124
90RTNLFNQVII,966000,CHF,Apartment,,Switzerland,1926 Fully,Chemin du Grand Clare,139
79NYPXLSOPSI,1807000,CHF,Single-Family Home,,Switzerland,1923 Les Marécottes,La Gare des Marécottes,240
81OEGBZKBECF,1217000,CHF,Apartment,,Switzerland,7403 Rhäzüns,Quadra,156
78AHKKJHYVKV,955000,CHF,Apartment,,Switzerland,3856 Brienzwiler,Grinboden,282
90GEKIVSZGOB,1045000,CHF,Single-Family Home,,Switzerland,5322 Koblenz,Fritelweg,232
84JVUAFGHEVB,2224000,CHF,Apartment,,Switzerland,6614 Brissago,Cortaccio,168
89SQMTJRFQKU,1901000,CHF,Single-Family Home,,Switzerland,4104 Oberwil BL,Hinterbergweg,101
68CQYLZIRHHS,1484000,CHF,Apartment,,Switzerland,8750 Glarus,Buchholzstrasse,185
75CNUXDLFLKW,553000,CHF,Apartment,,Switzerland,8046 Zürich,Obsthaldenweg,75
67ZPSQPEZRAA,1121000,CHF,Apartment,,Switzerland,4116 Metzerlen,Im Garten,168
76BNNUAEUJMO,2633000,CHF,Single-Family Home,,Switzerland,8335 Hittnau,Bergstrasse,197
78KWEAEKDEMF,970000,CHF,Apartment,,Switzerland,4118 Rodersdorf,Unterer Steingrubenweg,49
75SBWLNICVKG,2794000,CHF,Single-Family Home,,Switzerland,3766 Boltigen,Weissenbach,276
72RIRUEMZNKR,1353000,CHF,Multi-Family Home,,Switzerland,1660 Château-d'Oex,Le Berceau,80
77NOUBGEXUAY,3289000,CHF,Single-Family Home,,Switzerland,9034 Eggersriet,Kellerswiesenstrasse,280
78CFHGZCSXPO,3772000,CHF,Apartment,,Switzerland,6372 Ennetmoos,Vorder Rotzberg,294
78PNSQDRASSU,2367000,CHF,Apartment,,Switzerland,3622 Homberg b. Thun,Gantrischweg,29
85BHFEHWPGTX,829000,CHF,Single-Family Home,,Switzerland,8600 Dübendorf,Chrummpüntweg,193
88PWCCXGZGVG,731000,CHF,Single-Family Home,,Switzerland,2922 Courchavon,Varmenne,145
65RVGVAIJXUT,3528000,CHF,Apartment,,Switzerland,8712 Stäfa,Seidenparkweg,195
68ZSXREQBSNM,3911000,CHF,Single-Family Home,,Switzerland,8600 Dübendorf,Lindenstrasse,277
82INQQNDKODR,3428000,CHF,Single-Family Home,,Switzerland,8722 Kaltbrunn,Bergli,74
79ZGQILAWOGP,1649000,CHF,Apartment,,Switzerland,6982 Agno,Via Righetti,161
90WJCENWNLEI,1007000,CHF,Single-Family Home,,Switzerland,6573 Magadino,Motto Delle Pianche,18
87BZMSZZXFBL,118000,CHF,Apartment,,Switzerland,9205 Waldkirch,Mollenwisenbachweg,79
74KZVPVAGGBD,2230000,CHF,Multi-Family Home,,Switzerland,3762 Erlenbach im Simmental,Haltli,141
70LTUZWKSNSI,1813000,CHF,Single-Family Home,,Switzerland,1092 Belmont-sur-Lausanne,Chemin des Grands Champs,157
81ITVUEWJJTR,1584000,CHF,Apartment,,Switzerland,6017 Ruswil,Bäremattweg,6
69KRFQIZWREA,2757000,CHF,Single-Family Home,,Switzerland,1295 Mies,Chemin des Garettes,295
67VHWEFMRMAD,1141000,CHF,Apartment,,Switzerland,8057 Zürich,Hubeggstrasse,30
66SJWKWUZLRO,1468000,CHF,Single-Family Home,,Switzerland,1005 Lausanne,Passage du Pécos,269
87RFZWEZVAND,3399000,CHF,Single-Family Home,,Switzerland,8638 Goldingen,Chammstrasse,180
89GFNYHWPUMJ,883000,CHF,Apartment,,Switzerland,9200 Gossau SG,Divisionsweg,159
85YPBLPACELH,2609000,CHF,Single-Family Home,,Switzerland,8866 Ziegelbrücke,Alte Landstrasse,61
70RGKUEAKZPD,2094000,CHF,Single-Family Home,,Switzerland,4133 Pratteln,Blözenweg,40
74TPJLNXMPUZ,3237000,CHF,Single-Family Home,,Switzerland,9032 Engelburg,Oberhaldenstrasse,90
81CBVGACVKOL,988000,CHF,Apartment,,Switzerland,8184 Bachenbülach,Niederglatterstrasse,58
68WNGKIMFQJN,1211000,CHF,Single-Family Home,,Switzerland,8345 Adetswil,In der Stapfeten,214
90UIZPENOBBO,2054000,CHF,Apartment,,Switzerland,8738 Uetliburg SG,Lindenweg,71
77ADEYGEONCB,2184000,CHF,Apartment,,Switzerland,2517 Diesse,Le Fornel,24
82TYRDGSTZSM,1338000,CHF,Apartment,,Switzerland,6373 Ennetbürgen,Halten,5
84OBUCOWTQJM,476000,CHF,Apartment,,Switzerland,8457 Humlikon,Dorfstrasse,48
75YTPIDMHXCM,1538000,CHF,Single-Family Home,,Switzerland,7000 Chur,Nikolaigasse,198
72PIXPCJNIRY,2074000,CHF,Apartment,,Switzerland,2902 Fontenais,Route de Courgenay,254
89UIWEJXYOUJ,1323000,CHF,Apartment,,Switzerland,1176 St-Livres,Grand'Rue,248
80HXLNCQKSZY,3821000,CHF,Apartment,,Switzerland,4900 Langenthal,Eschenstrasse,283
83AHFUJGFTIO,3629000,CHF,Apartment,,Switzerland,3158 Guggisberg,Schäfern,110
75DIOTBPKXEJ,964000,CHF,Single-Family Home,,Switzerland,3536 Aeschau,Untere Winterhalde,177
66ADDXLAXZXG,518000,CHF,Single-Family Home,,Switzerland,4538 Oberbipp,Schattenbergweg,21
86FAOCVDTLET,2699000,CHF,Single-Family Home,,Switzerland,3631 Höfen b. Thun,Hutten,294
81DDYTMTVLWP,326000,CHF,Single-Family Home,,Switzerland,8832 Wilen b. Wollerau,Eulenweg,19
80NATSCSIXDC,772000,CHF,Apartment,,Switzerland,8307 Effretikon,Aspergweg,188
89NRKKBIYWHR,133000,CHF,Apartment,,Switzerland,3932 Visperterminen,Sandhubel,92
70BALFDXUPUJ,2215000,CHF,Apartment,,Switzerland,6113 Romoos,Lingetli,210
75EIPWPYDZRY,415000,CHF,Apartment,,Switzerland,8897 Flumserberg Tannenheim,Schaflägerweg,276
80TXEKZMEFWT,1815000,CHF,Single-Family Home,,Switzerland,5070 Frick,Horngasse,249
80FCUBDDYLUN,1029000,CHF,Multi-Family Home,,Switzerland,8157 Dielsdorf,Schulstrasse,180
77NWUXVPPAKB,454000,CHF,Single-Family Home,,Switzerland,8594 Güttingen,Wolfhänggi,160
76XJPCXZQLLU,3956000,CHF,Apartment,,Switzerland,8634 Hombrechtikon,Sunnenbachweg,253
83JZFSTRFKSX,1389000,CHF,Apartment,,Switzerland,9534 Gähwil,Hüsliweidstrasse,51
79IXDUYWLJTA,3584000,CHF,Apartment,,Switzerland,9452 Hinterforst,Rietblickweg,24
76IDQDELJNTV,2346000,CHF,Apartment,,Switzerland,1071 Chexbres,Chemin de Perche,102
87QPUTLYSFJT,2284000,CHF,Apartment,,Switzerland,6110 Wolhusen,Blumenweg,1
65LZARSOMPCK,3954000,CHF,Apartment,,Switzerland,8808 Pfäffikon SZ,Stollenweg,275
73YMPLDWIYQY,1273000,CHF,Apartment,,Switzerland,8046 Zürich,A1,279
87DYLIDRZMHX,3553000,CHF,Single-Family Home,,Switzerland,6987 Caslano,Via Pasquee,46
73PWOEUNZCNF,1149000,CHF,Apartment,,Switzerland,3550 Langnau im Emmental,Ebenläng,146
89CUJLIKEYON,1718000,CHF,Apartment,,Switzerland,2024 St-Aubin-Sauges,Les Ruelles,295
68LESXMWFTQL,2696000,CHF,Single-Family Home,,Switzerland,8302 Kloten,Schulstrasse,3
86VEZTCFNWMQ,1285000,CHF,Single-Family Home,,Switzerland,1201 Genève,Place Isaac-MERCIER,169
70XNELKWNCHM,772000,CHF,Single-Family Home,,Switzerland,3600 Thun,Gotthelfweg,186
77TNKELCTSVX,1349000,CHF,Single-Family Home,,Switzerland,8570 Weinfelden,Hermannstrasse,234
80VQHVYXUEYU,2937000,CHF,Apartment,,Switzerland,6611 Mosogno,Mosogno di Sotto,180
87FGBUGPFAOC,1715000,CHF,Apartment,,Switzerland,9035 Grub AR,Roterkaien,64
69ISKULANJET,596000,CHF,Apartment,,Switzerland,8041 Zürich,Kopfweidenplatz,107
77EYHJCLFLJR,1110000,CHF,Apartment,,Switzerland,6430 Schwyz,Wysistrasse,91
67EALWAFKSUN,331000,CHF,Apartment,,Switzerland,8908 Hedingen,Vordere Sägestrasse,62
72XHWHWARKEJ,4760000,CHF,Single-Family Home,,Switzerland,4937 Ursenbach,Scheuerhansli,146
76OXXBYIPEXK,2297000,CHF,Multi-Family Home,,Switzerland,1346 Les Bioux,Le Chalet Neuf,207
84RPVTSOIXCI,2222000,CHF,Single-Family Home,,Switzerland,3075 Rüfenacht BE,Siedlungsweg,127
84COKJQKFQJW,1906000,CHF,Apartment,,Switzerland,6313 Edlibach,Forrenmatt,257
72TNASGBOGPC,1168000,CHF,Single-Family Home,,Switzerland,8047 Zürich,Steinackerweg,286
89ROBITMNIEI,1637000,CHF,Single-Family Home,,Switzerland,8919 Rottenschwil,Werdstrasse,125
85BWHBOZPEZA,975000,CHF,Apartment,,Switzerland,1027 Lonay,Chemin des Combes,41
84HHVDQDVGXK,1510000,CHF,Apartment,,Switzerland,3922 Eisten,Blatte,183
66VBVKFRQYYA,1148000,CHF,Apartment,,Switzerland,4103 Bottmingen,Nelkenweg,280
65RIRRSGPGQZ,2047000,CHF,Apartment,,Switzerland,8872 Weesen,Rittersbergstrasse,252
66HTWTCSCOEY,1172000,CHF,Single-Family Home,,Switzerland,3942 St. German,Rotigoblatt,162
70BNYFISLBTZ,2095000,CHF,Single-Family Home,,Switzerland,8636 Wald ZH,Raaderstrasse,139
75VWGLIGCIEE,3124000,CHF,Single-Family Home,,Switzerland,8536 Hüttwilen,Ebnetweg,11
82DMVBVWYHXC,1312000,CHF,Multi-Family Home,,Switzerland,9466 Sennwald,Ahornweg,90
88QSNCSIPCNS,1066000,CHF,Apartment,,Switzerland,6994 Aranno,Ai Piòd,41
80GXTYJNJIAG,974000,CHF,Apartment,,Switzerland,9000 St. Gallen,Lilienstrasse,16
68SXJVEEPGRM,2354000,CHF,Single-Family Home,,Switzerland,3662 Seftigen,Tüffimatt,192
77BNPAAVCHKC,2443000,CHF,Apartment,,Switzerland,3533 Bowil,Vorderschwändi,240
89CSVKZZHRNQ,1882000,CHF,Apartment,,Switzerland,9500 Wil SG,Glärnischstrasse,23
69JINYFKNCKD,987000,CHF,Apartment,,Switzerland,1947 Champsec,Chemin de Prodzian,10
67LYVHQRFYSN,1513000,CHF,Apartment,,Switzerland,4402 Frenkendorf,Bürgerhütte,230
87STLKEDBZQW,1518000,CHF,Apartment,,Switzerland,8630 Rüti ZH,Berghofstrasse,274
66JMQLOQDZFJ,1061000,CHF,Apartment,,Switzerland,1262 Eysins,Passage Hamo,79
80GPYSEBCTNF,1123000,CHF,Single-Family Home,,Switzerland,6010 Kriens,Schloss Schauensee,294
73WCZLNOZOYH,921000,CHF,Single-Family Home,,Switzerland,1863 Le Sépey,Ruelle de l'Ecole,5
80XRBTGRAYKI,1202000,CHF,Apartment,,Switzerland,6110 Wolhusen,Bergboden,60
78HTMLIIQTRS,2320000,CHF,Apartment,,Switzerland,4127 Birsfelden,Lindenstrasse,231
78YAYJPYNMLL,3814000,CHF,Apartment,,Switzerland,9437 Marbach SG,Apfelbaumstrasse,227
75QZRRAHESPK,1021000,CHF,Apartment,,Switzerland,2046 Fontaines NE,Champs Courbes,248
84JHCRUWHFVV,1512000,CHF,Single-Family Home,,Switzerland,3128 Rümligen,Schmittestrasse,233
89UXUOOUFZXS,923000,CHF,Single-Family Home,,Switzerland,1023 Crissier,Rue de la Cure,267
74OLXCXHCVJI,3326000,CHF,Single-Family Home,,Switzerland,6231 Schlierbach,Eggstrasse,110
76DRSLLHYRSS,1599000,CHF,Apartment,,Switzerland,4052 Basel,In der Breite,198
77CSPBKMSLNZ,2545000,CHF,Apartment,,Switzerland,7310 Bad Ragaz,Hochpardiel,117
67QBZPECLFBB,3719000,CHF,Single-Family Home,,Switzerland,9413 Oberegg,Klösterliweg,77
69WTUKAARKVL,1598000,CHF,Apartment,,Switzerland,1882 Gryon,Chemin de Béroud,207
81FGKVDHGKEK,2056000,CHF,Apartment,,Switzerland,4417 Ziefen,Hof Hintere Kohlmatt,102
87LNKMPFBGWU,1098000,CHF,Single-Family Home,,Switzerland,3185 Schmitten FR,Mattenweg,21
89UQJGYHPYOG,1275000,CHF,Single-Family Home,,Switzerland,8840 Einsiedeln,Brust,71
88JADNUYYEAO,1051000,CHF,Single-Family Home,,Switzerland,8196 Wil ZH,Mitteldorfstrasse,28
80WBSDOUWKKB,1085000,CHF,Apartment,,Switzerland,3550 Langnau im Emmental,Brügglen,192
90BCFDFRGFUA,1554000,CHF,Single-Family Home,,Switzerland,6072 Sachseln,Brodhubel,79
71GQQAPRJKAI,1221000,CHF,Single-Family Home,,Switzerland,1868 Collombey,Zone Industrielle Proprèses,286
71HJNPWTAXAL,753000,CHF,Apartment,,Switzerland,1634 La Roche FR,Route du Lienne,179
73KGZLXPRBEX,1312000,CHF,Single-Family Home,,Switzerland,6012 Obernau,Landhaus Rösli,24
71FMUNWCKGII,954000,CHF,Apartment,,Switzerland,2545 Selzach,Almendweg,196
69UXSAILJMVD,470000,CHF,Apartment,,Switzerland,4411 Seltisberg,Stockhaldenweg,282
77QCALQWJGBO,1620000,CHF,Apartment,,Switzerland,7404 Feldis/Veulden,Dimurs,62
78ECWNRIDRPM,850000,CHF,Apartment,,Switzerland,4132 Muttenz,Rührbergstrasse,115
87QLVQQIRCZF,3373000,CHF,Apartment,,Switzerland,8235 Lohn SH,Quellenstrasse,14
86ZHAQFTNQPV,1312000,CHF,Apartment,,Switzerland,7326 Weisstannen,Mittelrütiweg,211
66DIDJKYMZFH,1169000,CHF,Apartment,,Switzerland,8308 Illnau,Morgenhof,166
79JJQFSUDLCH,3775000,CHF,Apartment,,Switzerland,1965 Savièse,Route de Roumaz,145
69PIRODDKZPB,888000,CHF,Apartment,,Switzerland,8843 Oberiberg,Schlösslistrasse,275
68BFWWAGXIAD,2958000,CHF,Apartment,,Switzerland,6965 Cadro,Via Verzelasco,204
67AXDFYILJKW,1313000,CHF,Apartment,,Switzerland,3664 Burgistein,Sitz,33
75UMHSVUMVAF,160000,CHF,Apartment,,Switzerland,2802 Develier,Rue du Puits,252
84DVCIELLWPA,3370000,CHF,Single-Family Home,,Switzerland,9327 Tübach,Bachstrasse,169
71VXNRJQOUHF,614000,CHF,Single-Family Home,,Switzerland,3271 Radelfingen b. Aarberg,Gumi,247
77UBIAYJFKPH,1666000,CHF,Apartment,,Switzerland,6174 Sörenberg,Ruchweid,157
66JWMWSDIVFX,2142000,CHF,Single-Family Home,,Switzerland,1595 Faoug,Les Vouats,247
89XRWTJALVTJ,967000,CHF,Single-Family Home,,Switzerland,1290 Versoix,Place Louis-SIMOND,168
76SJSRUFLGHP,562000,CHF,Apartment,,Switzerland,1786 Sugiez,Route du Molard,81
78UWCPBLERRX,1957000,CHF,Single-Family Home,,Switzerland,4415 Lausen,Steinweg,160
68JSIBRMJLKW,2986000,CHF,Single-Family Home,,Switzerland,3781 Turbach,Rotegrabeweg,16
74TAHBGQSXLZ,880000,CHF,Apartment,,Switzerland,8872 Weesen,Maagstrasse,1
68GNPTPDAXCY,937000,CHF,Apartment,,Switzerland,1423 Villars-Burquin,Chemin des Raytolats,53
81RGBTRPELLR,866000,CHF,Apartment,,Switzerland,6003 Luzern,Zähringerstrasse,26
86LGSQBXRCDD,3809000,CHF,Apartment,,Switzerland,9300 Wittenbach,Ziegeleistrasse,231
81BHYTORCVQL,1305000,CHF,Apartment,,Switzerland,1882 Gryon,Chemin des Léderreys,67
79QGXZNZRNGB,1990000,CHF,Single-Family Home,,Switzerland,8718 Schänis,Juchart,53
88IXNYZAZGBC,4105000,CHF,Apartment,,Switzerland,1246 Corsier GE,Chemin des Champs-de-Vaux,28
70QBHOCNVKWB,3287000,CHF,Apartment,,Switzerland,9444 Diepoldsau,Gartenstrasse,62
67RESACDPRTR,3461000,CHF,Apartment,,Switzerland,6376 Emmetten,Burch,28
72QOHCMTEWDW,2022000,CHF,Single-Family Home,,Switzerland,1663 Pringy,Chemin des Gentianes,9
73BBYIUNBGQP,1000000,CHF,Apartment,,Switzerland,4556 Bolken,Schulhausstrasse,147
87MQPXOKNLAJ,210000,CHF,Apartment,,Switzerland,9205 Waldkirch,Vorderer Bergwisenweg,74
67OOJGWZZPKX,3459000,CHF,Single-Family Home,,Switzerland,8570 Weinfelden,Muggenwinkelstrasse,291
79YQUSFUOSIL,844000,CHF,Apartment,,Switzerland,5734 Reinach AG,Chaletweg,83
88NONXGUJUDI,2352000,CHF,Apartment,,Switzerland,7427 Urmein,Innerdorf,40
79XNGNOJHHEX,1592000,CHF,Apartment,,Switzerland,6934 Bioggio,Salita ai Ronchi,113
90QUUBFJSSWG,1482000,CHF,Apartment,,Switzerland,6543 Arvigo,Monterisc,141
83KUZDJAAYOE,1709000,CHF,Apartment,,Switzerland,1996 Saclentse,Chemin du Pont de la Scie,101
74TOYTNQAUDW,1436000,CHF,Apartment,,Switzerland,4242 Laufen,Schliffweg,217
72BUGNZKKDKB,2296000,CHF,Apartment,,Switzerland,8260 Stein am Rhein,Neugass,109
84MFWVRQIGBP,903000,CHF,Apartment,,Switzerland,7543 Lavin,Alp Zeznina,277
77WONFTHCGGD,1751000,CHF,Single-Family Home,,Switzerland,1920 Martigny,Passage des Oliviers,212
65ZOEDVZZJUO,600000,CHF,Apartment,,Switzerland,7250 Klosters,Sunniweg,266
67IJKZTEJNOK,3713000,CHF,Single-Family Home,,Switzerland,2000 Neuchâtel,Rue du Verger-Rond,183
89DYDHHPMGDW,1079000,CHF,Apartment,,Switzerland,6037 Root,Spittelweg,154
82MKZRNBZCDD,908000,CHF,Single-Family Home,,Switzerland,9402 Mörschwil,Meggenmüli,31
66SNNXFLVEXB,1154000,CHF,Apartment,,Switzerland,9615 Dietfurt,Sedelbergstrasse,1
66LLMTIJXLBD,1829000,CHF,Single-Family Home,,Switzerland,4206 Seewen SO,Birchteln,207
81OOVOUQLNGT,2113000,CHF,Single-Family Home,,Switzerland,1957 Ardon,Rue des Carros,266
72ZGXFWBDRAZ,1576000,CHF,Single-Family Home,,Switzerland,1510 Moudon,Pré de Blonay,224
68YXMRVSBEIK,1811000,CHF,Single-Family Home,,Switzerland,7551 Ftan,Munt Fallun,81
77VSGAGMFKJL,1944000,CHF,Single-Family Home,,Switzerland,8234 Stetten SH,Im Höfli,250
71WYGFWEKWGP,1378000,CHF,Single-Family Home,,Switzerland,8594 Güttingen,Bahnhofstrasse,189
89EPLTQPWMIY,1909000,CHF,Apartment,,Switzerland,3110 Münsingen,Sonnmattweg,238
81ORDAHLQHPN,2847000,CHF,Apartment,,Switzerland,8500 Frauenfeld,Hasenbühlstrasse,37
76ZHGBJSVMYV,1020000,CHF,Apartment,,Switzerland,7303 Mastrils,Islastrasse,255
73DWBKWSSTWD,3596000,CHF,Single-Family Home,,Switzerland,1997 Haute-Nendaz,Chemin de Savaulin,55
83XVUDTKINGJ,2269000,CHF,Single-Family Home,,Switzerland,8615 Wermatswil,Hinterer Müliholzweg,175
74SEDKWVOTWY,659000,CHF,Apartment,,Switzerland,6234 Triengen,Murhubelweg,213
67JJFMTBQUQT,2828000,CHF,Single-Family Home,,Switzerland,9565 Bussnang,Breitistrasse,209
76XAQGOHKHQX,497000,CHF,Single-Family Home,,Switzerland,2746 Crémines,Rue des Sources,12
89RZFDVZXTMZ,2649000,CHF,Apartment,,Switzerland,9200 Gossau SG,Gossauerstrasse,20
80XGFXEDCQTI,691000,CHF,Apartment,,Switzerland,3765 Oberwil im Simmental,Eggmattli,256
77OEAAHKMULK,1823000,CHF,Apartment,,Switzerland,7310 Bad Ragaz,Flurweg,220
78OWSZQZOMVV,1595000,CHF,Single-Family Home,,Switzerland,3717 Blausee-Mitholz,Schwendeli,199
79FNMFAXIJWC,1101000,CHF,Apartment,,Switzerland,7438 Hinterrhein,Geisswäg,242
85LKPMERRIAT,820000,CHF,Single-Family Home,,Switzerland,6515 Gudo,Via Saleggi,292
84CBCEFIMMKW,1003000,CHF,Single-Family Home,,Switzerland,6019 Sigigen,Dieggringe,158
81BDVZNVJBGQ,373000,CHF,Apartment,,Switzerland,3979 Grône,Chemin des Faverzes,280
83ZTHZBDAHUH,1013000,CHF,Apartment,,Switzerland,6403 Küssnacht am Rigi,Südumfahrung,269
65OFGXBPMACC,2999000,CHF,Apartment,,Switzerland,6105 Schachen LU,Farnbüel,1
72TCKCPDWCJA,129000,CHF,Apartment,,Switzerland,1660 L'Etivaz,En Beauregard,35
71PQEWPGUZFV,1166000,CHF,Apartment,,Switzerland,3812 Wilderswil,Talweg,235
80BPYVXEMAQY,849000,CHF,Single-Family Home,,Switzerland,7063 Praden,Underställ,160
84JSKQIENSQI,1553000,CHF,Single-Family Home,,Switzerland,9054 Haslen AI,Ebnet,64
78YNGFMGGRNP,3364000,CHF,Apartment,,Switzerland,1738 Sangernboden,Chummlihütte,117
75MQEQFOZGEZ,1804000,CHF,Apartment,,Switzerland,6490 Andermatt,Gross Boden,73
81AVZLWEPAAV,2237000,CHF,Single-Family Home,,Switzerland,9527 Niederhelfenschwil,Obgass,196
65EYZCBOPJJG,1064000,CHF,Single-Family Home,,Switzerland,4556 Bolken,Mattenweg,155
88TDHJSZSEYM,943000,CHF,Apartment,,Switzerland,4512 Bellach,Bachstrasse,168
85EQTNCSEUNJ,1760000,CHF,Apartment,,Switzerland,1012 Lausanne,Chemin de la Rosière,23
88MNTQZIHKFC,1814000,CHF,Apartment,,Switzerland,2802 Develier,Route de Courfaivre,44
73BUSTOYMSCX,2014000,CHF,Apartment,,Switzerland,4500 Solothurn,Westbahnhofstrasse,148
80VSXZAUCMGB,834000,CHF,Apartment,,Switzerland,1207 Genève,Rue du Clos,237
90EOQHMDNPSA,1755000,CHF,Apartment,,Switzerland,6462 Seedorf UR,Klosterweg,189
79SSUYFCXZIK,1795000,CHF,Apartment,,Switzerland,1914 Isérables,Chemin des Sources,8
85SUSXEXLLVJ,469000,CHF,Single-Family Home,,Switzerland,4573 Lohn-Ammannsegg,Ringstrasse,282
66SKZNYCYVRI,1507000,CHF,Apartment,,Switzerland,3960 Sierre,Chemin des Condémines,289
74KDKWIEZXIG,235000,CHF,Single-Family Home,,Switzerland,9472 Grabs,Gästelen,222
68WHFDIFZHZP,2580000,CHF,Apartment,,Switzerland,1669 Montbovon,Champ Dessous,236
89UOYWMYWYOP,3856000,CHF,Apartment,,Switzerland,8192 Zweidlen,Werkstrasse,157
73LGIJQVKTFZ,312000,CHF,Single-Family Home,,Switzerland,1078 Essertes,Chemin de la Grande Oche,229
71BPQRFZFADN,1049000,CHF,Single-Family Home,,Switzerland,3157 Milken,Krachen,259
80SAHFKEYVIS,1090000,CHF,Apartment,,Switzerland,6275 Ballwil,Wiesengrund,21
74JKULBXKFSJ,1889000,CHF,Apartment,,Switzerland,4059 Basel,Wachtelstrasse,129
70VKUFBOONSB,1521000,CHF,Apartment,,Switzerland,3182 Ueberstorf,Hinterdorf,29
75EGOCRSKFEZ,1060000,CHF,Apartment,,Switzerland,1965 Savièse,Rue de l'Ancienne Poste,119
85UWFVBKHLBS,3566000,CHF,Apartment,,Switzerland,4624 Härkingen,Lärchenweg,126
81FWQPBJEUVG,1265000,CHF,Apartment,,Switzerland,3773 Matten (St. Stephan),Heueggliberg,195
84XEGJYKKSGP,3642000,CHF,Apartment,,Switzerland,8733 Eschenbach SG,Steinenbrugg,23
90ZEFEGNKJLO,1343000,CHF,Single-Family Home,,Switzerland,2906 Chevenez,Rue des Mûriers,135
90WYFEJBORJZ,2124000,CHF,Apartment,,Switzerland,8610 Uster,Eichhölzliweg,118
83UFSHLYLDUX,3292000,CHF,Single-Family Home,,Switzerland,6083 Hasliberg Hohfluh,Bieli,105
88GYUSCAXTIL,4182000,CHF,Apartment,,Switzerland,7144 Vella,Davos Caplan,135
84MCQAPTNBKX,794000,CHF,Apartment,,Switzerland,6048 Horw,Mättihalden,256
71EXNQIWXBIH,827000,CHF,Apartment,,Switzerland,5604 Hendschiken,Steinbruch,2
77BIIABYJQID,2968000,CHF,Single-Family Home,,Switzerland,4917 Melchnau,Blenggen,13
72JSGHPZTYKV,2545000,CHF,Multi-Family Home,,Switzerland,3979 Grône,Chemin de Tsanvolan,196
81OWFMBHDIWN,1287000,CHF,Single-Family Home,,Switzerland,6053 Alpnachstad,Im Widi,197
82ANUBGPPHYV,1992000,CHF,Apartment,,Switzerland,4123 Allschwil,Sybillenhofweg,291
80XMUNXHAVAZ,1399000,CHF,Apartment,,Switzerland,2517 Diesse,Chenaux,68
71BRDMACSACX,1410000,CHF,Apartment,,Switzerland,6468 Attinghausen,Hintere Chulm,55
87VXITHBUQDO,808000,CHF,Apartment,,Switzerland,2800 Delémont,Rue des Grottes,28
67NNFLYNNATZ,994000,CHF,Apartment,,Switzerland,8915 Hausen am Albis,Fuchsmatt,242
86KIEDQQQVIY,1641000,CHF,Apartment,,Switzerland,6838 Muggio,Scalinata alla Scuola,299
79TCDGAMMWSP,3572000,CHF,Apartment,,Switzerland,7247 Saas im Prättigau,Pradaweg,167
73DESGRWIEIW,3318000,CHF,Multi-Family Home,,Switzerland,3084 Wabern,Weidenrain,299
88HTVAMVNFAS,2380000,CHF,Apartment,,Switzerland,1553 Châtonnaye,Impasse du Pré-de-la-Forge,208
78SJXQQOGLYO,3457000,CHF,Apartment,,Switzerland,6463 Bürglen UR,Acherbergli,58
67MMNAQFNIVM,1244000,CHF,Apartment,,Switzerland,8001 Zürich,St. Peterstrasse,61
66PKZUOCNTLJ,1780000,CHF,Apartment,,Switzerland,4434 Hölstein,Fichtenweg,140
74XLEHQTTTQV,1417000,CHF,Apartment,,Switzerland,4716 Gänsbrunnen,Katzenstrickweg,104
76DJHEBNFPTC,1601000,CHF,Single-Family Home,,Switzerland,8302 Kloten,Buchhaldenstrasse,58
65YJTRPINNOV,4453000,CHF,Apartment,,Switzerland,6166 Hasle LU,Hüttenweid,33
84IXYIYTYZNF,1998000,CHF,Single-Family Home,,Switzerland,6004 Luzern,Grendelpassage,137
88NLAVGIETYO,3138000,CHF,Single-Family Home,,Switzerland,9200 Gossau SG,Sommerau,201
71NVIKKHZHES,1293000,CHF,Single-Family Home,,Switzerland,6354 Vitznau,Bühlstrasse,25
85NFACEDNFXG,1174000,CHF,Single-Family Home,,Switzerland,5620 Bremgarten AG,Rebhalde,293
87UAHJKFENIL,2247000,CHF,Apartment,,Switzerland,4944 Auswil,Alpli,168
66WJSFVJBJOD,759000,CHF,Single-Family Home,,Switzerland,1753 Matran,Route des Mueses,74
87DHLUSMKCNY,1447000,CHF,Apartment,,Switzerland,1976 Aven,Rue de Fontane,159
78XZJGIQLQXE,1173000,CHF,Multi-Family Home,,Switzerland,5054 Kirchleerau,Bielstrasse,190
89XBFYKXVSIR,697000,CHF,Apartment,,Switzerland,4800 Zofingen,Storchengasse,299
73LRBMEUYFAM,1908000,CHF,Apartment,,Switzerland,1700 Fribourg,Passage des Augustins,161
76QFXULPSJTY,2554000,CHF,Apartment,,Switzerland,1040 Villars-le-Terroir,Chemin des Ecureuils,77
65YIRZAUGOWE,1518000,CHF,Apartment,,Switzerland,4436 Liedertswil,Weidli,248
75SUOZWSVHRU,931000,CHF,Apartment,,Switzerland,3775 Lenk im Simmental,Lochbergweg,267
73RLGWAZWZII,1522000,CHF,Apartment,,Switzerland,1213 Petit-Lancy,Chemin des Recluses,171
74KAVSYUBHPE,255000,CHF,Apartment,,Switzerland,8200 Schaffhausen,Kegelgässchen,140
69OLLTAQAHUK,2461000,CHF,Apartment,,Switzerland,8627 Grüningen,Weidli-Weg,64
69IGJYTJATLI,1341000,CHF,Apartment,,Switzerland,5737 Menziken,Gässli,2
86BUFXBVOOEZ,1791000,CHF,Apartment,,Switzerland,8187 Weiach,Griesgrabenweg,158
82NQGWFBZHKY,1765000,CHF,Apartment,,Switzerland,1186 Essertines-sur-Rolle,Route du Stand,296
71JPTBQAGWKW,2094000,CHF,Apartment,,Switzerland,8508 Homburg,Spielbüelstrasse,61
86CKPXSPCHUO,1713000,CHF,Apartment,,Switzerland,4653 Obergösgen,Hardmattstrasse,24
81IKNVFDBRUU,3239000,CHF,Apartment,,Switzerland,1884 Villars-sur-Ollon,Route du Roc,297
71XODAHMZHWQ,2317000,CHF,Single-Family Home,,Switzerland,8712 Stäfa,Zum Reservoir,4
74JEPBSQIXVC,3591000,CHF,Single-Family Home,,Switzerland,8727 Walde SG,Tönnern,156
77IWVXGDJDQV,593000,CHF,Apartment,,Switzerland,9127 St. Peterzell,Bunt,52
70FDQGOPTGNC,2465000,CHF,Apartment,,Switzerland,1454 La Vraconnaz,Noirvaux-Dessus,54
77COQPFSRWQY,202000,CHF,Apartment,,Switzerland,8304 Wallisellen,Oberrebenweg,50
67QCWJOBHVEI,1639000,CHF,Apartment,,Switzerland,5324 Full-Reuenthal,Renaustrasse,215
90HHHXMVKRQX,2325000,CHF,Single-Family Home,,Switzerland,6484 Wassen UR,Schmiedgasse,148
71BGQATRICVG,3108000,CHF,Apartment,,Switzerland,1742 Autigny,En Gondran,5
88KHZAQKUFFE,1962000,CHF,Apartment,,Switzerland,4600 Olten,Geissfluhweg,222
81UMNZDJOPKR,1212000,CHF,Apartment,,Switzerland,6284 Sulz LU,Erlosenblick,270
75MXQLCCUESZ,3778000,CHF,Single-Family Home,,Switzerland,8887 Mels,Konsumweg,292
76EAGFDRRXKC,1013000,CHF,Apartment,,Switzerland,6774 Dalpe,al Mött du Còrvo,90
87EHPYLVWCFF,2365000,CHF,Apartment,,Switzerland,5610 Wohlen AG,Anglikerstrasse,175
85GXFIAEJIVK,1578000,CHF,Apartment,,Switzerland,7203 Trimmis,Isla,24
80GKXRJUVUOA,2977000,CHF,Apartment,,Switzerland,5400 Baden,Buchenweg,225
80GWEFHKCIFY,604000,CHF,Apartment,,Switzerland,6242 Wauwil,Obermoos,244
88WWNQVBREVC,155000,CHF,Apartment,,Switzerland,3454 Sumiswald,Musterplatz,10
70FVDXYPMGDV,814000,CHF,Apartment,,Switzerland,6314 Unterägeri,Hintermeisbüel,299
86WJHCSITHXZ,1283000,CHF,Apartment,,Switzerland,6027 Römerswil LU,Williswil,93
75XIOKKRUCBT,640000,CHF,Apartment,,Switzerland,9053 Teufen AR,Waldegg,52
89IEGJYPNIJQ,995000,CHF,Single-Family Home,,Switzerland,8867 Niederurnen,Mühlegasse,41
74MPUXSXNTYU,1609000,CHF,Apartment,,Switzerland,7320 Sargans,Hüttenauweg,54
72XTROXTPHFI,982000,CHF,Apartment,,Switzerland,3984 Fiesch,Eggishorn,176
79BZLPDTCSNA,164000,CHF,Single-Family Home,,Switzerland,5607 Hägglingen,Sässelsteinstrasse,196
69IQAUQFXWVO,2558000,CHF,Apartment,,Switzerland,5412 Gebenstorf,Mittelweg,91
73WUELQQBIFT,3308000,CHF,Single-Family Home,,Switzerland,6166 Hasle LU,Brand,245
69ZNHKBOMTHD,2253000,CHF,Single-Family Home,,Switzerland,4144 Arlesheim,Unterer Gspänigweg,170
83GGVDZQWEVX,1011000,CHF,Single-Family Home,,Switzerland,5400 Baden,Müntzbergstrasse,144
80UPRATDDJWP,1427000,CHF,Apartment,,Switzerland,6837 Bruzella,ai Crusétt,159
85ZCFKBUVBDO,734000,CHF,Apartment,,Switzerland,2545 Selzach,Selzacherstrasse,118
79WBAXUDLVME,3260000,CHF,Apartment,,Switzerland,8158 Regensberg,Breistelweg,203
74ZOYKOKQRHW,2546000,CHF,Single-Family Home,,Switzerland,8500 Frauenfeld,Zinggrüti,233
66SVBOQSFGYS,1446000,CHF,Apartment,,Switzerland,2572 Mörigen,Brunnackerstrasse,81
88AATHXMBBHA,1529000,CHF,Single-Family Home,,Switzerland,5033 Buchs AG,Bachstrasse,178
75BFZJPKNUQU,2348000,CHF,Apartment,,Switzerland,2827 Schelten,Dürrenberg,39
72KPNCBSVKDZ,1113000,CHF,Apartment,,Switzerland,6042 Dietwil,Bachhüsliweg,118
76MFZBYIPTOY,461000,CHF,Apartment,,Switzerland,6500 Bellinzona,Monti di Visnago,49
65UUDRFNZKKK,1352000,CHF,Single-Family Home,,Switzerland,2503 Biel/Bienne,Johann-Heinrich-Pestalozzi-Allee / Allée Johann-Heinrich-Pestalozzi,180
81BNHAXUHJYO,2140000,CHF,Apartment,,Switzerland,1185 Mont-sur-Rolle,Chemin des Truits,297
68JGILPRTIMO,980000,CHF,Apartment,,Switzerland,1997 Haute-Nendaz,Chemin des Mayens,242
82WUWZCVWUZZ,1196000,CHF,Apartment,,Switzerland,4444 Rümlingen,Breite,255
74EMNDFEXUXV,3599000,CHF,Single-Family Home,,Switzerland,4562 Biberist,Chilchackerstrasse,128
80TJKXWLFLML,3027000,CHF,Apartment,,Switzerland,5023 Biberstein,Mühlerain,41
87MACHQPJAPK,1236000,CHF,Single-Family Home,,Switzerland,3800 Interlaken,Mittengrabenstrasse,231
87AZUXMCEDTT,2588000,CHF,Single-Family Home,,Switzerland,8708 Männedorf,Zehntentrottenstrasse,117
80XJAZEEMGXQ,2307000,CHF,Apartment,,Switzerland,7430 Thusis,Obere Stallstrasse,251
78DGEJEQVEVT,4096000,CHF,Apartment,,Switzerland,1142 Pampigny,Rue du Pressoir,190
83DXYFFXQKCK,3112000,CHF,Single-Family Home,,Switzerland,5442 Fislisbach,Moosäckerstrasse,270
80FAYGGOEBRR,832000,CHF,Apartment,,Switzerland,8002 Zürich,Tanzbodenstrasse,65
69WXJEHHGPKL,944000,CHF,Apartment,,Switzerland,9556 Affeltrangen,Hintere Bahnhofstrasse,83
81FVEJDLSSTK,186000,CHF,Single-Family Home,,Switzerland,3615 Heimenschwand,Rüppere,90
83DKJCBICKCX,1005000,CHF,Apartment,,Switzerland,1955 Chamoson,Chemin de la Source,172
86LFLIRERIHQ,1057000,CHF,Single-Family Home,,Switzerland,8228 Beggingen,Winkel,68
70AZTFQUCRAR,4119000,CHF,Apartment,,Switzerland,9032 Engelburg,Under Lindenwisweg,144
65TDHYWITYSG,1603000,CHF,Apartment,,Switzerland,1261 Le Vaud,Place du Zoo,139
66RLKMBTNIVR,933000,CHF,Apartment,,Switzerland,3432 Lützelflüh-Goldbach,Bohnenhüsli,285
79ESDSUHKRKS,1227000,CHF,Apartment,,Switzerland,5303 Würenlingen,Hengelweg,198
75IJQJUJPCPK,3151000,CHF,Apartment,,Switzerland,2503 Biel/Bienne,Brühlplatz / Place du Breuil,187
71PETTLWGXJK,1484000,CHF,Apartment,,Switzerland,9113 Degersheim,Kapf,142
74TBITERBCMI,2314000,CHF,Apartment,,Switzerland,6403 Küssnacht am Rigi,Schmiedgasse,64
87DBKYARZFAI,2258000,CHF,Apartment,,Switzerland,8610 Uster,Fuchsbüelweg,113
73UCAFKKWPHY,1176000,CHF,Apartment,,Switzerland,1052 Le Mont-sur-Lausanne,Chemin de Budron E,2
81RJDHTNIYWQ,2132000,CHF,Apartment,,Switzerland,6503 Bellinzona,Via alle Torri,209
72SPUANLUDVY,240000,CHF,Apartment,,Switzerland,1543 Grandcour,Route de Payerne,60
86QKGYTWXNBQ,2168000,CHF,Single-Family Home,,Switzerland,7184 Curaglia,Via Vergera,174
86OXUKZPQJCK,448000,CHF,Single-Family Home,,Switzerland,1225 Chêne-Bourg,Rue François-JACQUIER,234
65JEWQFGZIRU,1035000,CHF,Multi-Family Home,,Switzerland,3713 Reichenbach im Kandertal,Untere Gwanne,185
74YCZUZILPET,1380000,CHF,Single-Family Home,,Switzerland,5000 Aarau,Rosengartenweg,173
90MJEIGGYAFC,966000,CHF,Apartment,,Switzerland,8212 Neuhausen am Rheinfall,Felsengrundstrasse,201
80DRIQMBCYSO,2305000,CHF,Single-Family Home,,Switzerland,3177 Laupen BE,Wydenweg,273
73YUBWNIAGDT,1104000,CHF,Single-Family Home,,Switzerland,2542 Pieterlen,Moosstrasse,265
69HLMLSGJWQF,1689000,CHF,Apartment,,Switzerland,9410 Heiden,Quellenweg,110
67WORGMTACVA,1028000,CHF,Apartment,,Switzerland,1291 Commugny,Route de l'Eglise,130
79QSLXGOUSMT,1812000,CHF,Single-Family Home,,Switzerland,3714 Wengi b. Frutigen,Schlossweide,74
86FUUELSTRMT,1050000,CHF,Single-Family Home,,Switzerland,2740 Moutier,Avenue de la Liberté,41
76AISJTZEFYI,1142000,CHF,Apartment,,Switzerland,1923 Les Marécottes,La Gare des Marécottes,153
75IDSUGMCHKR,1763000,CHF,Apartment,,Switzerland,1950 Sion,Route de l'Aéroport,165
66QZGGLWRBEZ,288000,CHF,Apartment,,Switzerland,3421 Lyssach,Brunnackerstrasse,281
79WVGWOTORXM,1074000,CHF,Apartment,,Switzerland,8155 Niederhasli,Hexenackerweg,285
88WINBAEFLOH,846000,CHF,Apartment,,Switzerland,8585 Langrickenbach,Rutishausen,288
66SUGYHMPCIF,503000,CHF,Multi-Family Home,,Switzerland,6330 Cham,Werkstattgasse,238
73ZGIBVHFZMW,1046000,CHF,Apartment,,Switzerland,2556 Schwadernau,Hauptstrasse,96
86LZQBCYMHZS,439000,CHF,Single-Family Home,,Switzerland,1815 Clarens,Sentier des Bâties,17
82FTPPKOGLRG,784000,CHF,Single-Family Home,,Switzerland,8374 Dussnang,Waldweg,198
74ATICTAMCAX,3894000,CHF,Single-Family Home,,Switzerland,1890 St-Maurice,Rue Fernand-Dubois,73
68XVKTUVFOTH,2281000,CHF,Apartment,,Switzerland,1945 Liddes,Rue du Château,41
78QFLGUQBYYW,1208000,CHF,Apartment,,Switzerland,8833 Samstagern,Rainweg,273
67ECPOJSAGBQ,2100000,CHF,Single-Family Home,,Switzerland,9463 Oberriet SG,Loogartenweg,17
83VFGXPLARIM,1622000,CHF,Apartment,,Switzerland,6373 Ennetbürgen,Hofurlistrasse,194
69LAEKCEUTEV,3307000,CHF,Single-Family Home,,Switzerland,4132 Muttenz,Sonnenmattstrasse,256
79ZSXLGPOHXS,1075000,CHF,Single-Family Home,,Switzerland,8046 Zürich,Mühlackerweg,32
79UWKFPDVSWG,131000,CHF,Apartment,,Switzerland,1991 Salins,Chemin du Chalèdo,289
75RYGCGLOLES,993000,CHF,Apartment,,Switzerland,8422 Pfungen,Multbergstrasse,265
68LTRIMQTJXO,693000,CHF,Single-Family Home,,Switzerland,5726 Unterkulm,Sonnenrain,290
67ONNGQUEQBL,2635000,CHF,Apartment,,Switzerland,3008 Bern,Warmbächliweg,181
68KVLTMSIVEX,3330000,CHF,Apartment,,Switzerland,8636 Wald ZH,Untere Forhalden,67
84EIUPWOYKTE,2039000,CHF,Apartment,,Switzerland,3652 Hilterfingen,Höhenstrasse,235
71QVIRRMAVJQ,1130000,CHF,Single-Family Home,,Switzerland,2545 Selzach,Oberer Suracherweg,219
82DNOGTTVXPR,3877000,CHF,Apartment,,Switzerland,9424 Rheineck,Kirchweg,203
66IXAQNYKAIT,3055000,CHF,Apartment,,Switzerland,8723 Rufi,Sunnmättelistrasse,295
87TUUFIQAKRS,2384000,CHF,Multi-Family Home,,Switzerland,1205 Genève,Rue Gabrielle-PERRET-GENTIL,28
79GOCBYJCWZK,1025000,CHF,Apartment,,Switzerland,3416 Affoltern im Emmental,Hirsegg,158
78CFMQMZGJHW,3147000,CHF,Apartment,,Switzerland,1253 Vandoeuvres,Route de Vandoeuvres,196
69WDCFBHGBSH,1234000,CHF,Apartment,,Switzerland,9656 Alt St. Johann,Stillthürliweg,35
90TCYOIZWGTG,1176000,CHF,Apartment,,Switzerland,1196 Gland,Rue du Midi,289
76GQOTCXDZYQ,2556000,CHF,Single-Family Home,,Switzerland,4658 Däniken SO,Herrenmattstrasse,4
71OGQOYKQCCD,904000,CHF,Single-Family Home,,Switzerland,6934 Bioggio,Via Masmedo,130
72QLGIMKKUPJ,1641000,CHF,Apartment,,Switzerland,8153 Rümlang,Tempelhof,205
86TAVRGKEUVE,1078000,CHF,Single-Family Home,,Switzerland,1634 La Roche FR,La Lenda,247
88UUAGUVCEAI,2600000,CHF,Single-Family Home,,Switzerland,2710 Tavannes,Montoz,85
66RRQKKPHQPJ,1810000,CHF,Apartment,,Switzerland,6633 Lavertezzo,Aquino,141
80ZWDGZQGKMC,2496000,CHF,Apartment,,Switzerland,6514 Sementina,Monti dei Ghiringhelli,102
73BGJJUSXLLK,874000,CHF,Apartment,,Switzerland,5275 Etzgen,Hohlweg,83
77AFXSQEYIIU,864000,CHF,Single-Family Home,,Switzerland,5737 Menziken,Wiesenweg,243
76DQEEQNHOFB,3056000,CHF,Single-Family Home,,Switzerland,8405 Winterthur,Kollbrunnweg,233
89OWQKKSBGYY,1422000,CHF,Apartment,,Switzerland,8908 Hedingen,Breitenweg,162
77BERVBPAVXM,2663000,CHF,Apartment,,Switzerland,1738 Sangernboden,Under Spittel Gantrisch,135
69XBJBJBUULC,1282000,CHF,Single-Family Home,,Switzerland,9032 Engelburg,Oberhaldenstrasse,196
74AWMDZKEZWR,1317000,CHF,Single-Family Home,,Switzerland,4402 Frenkendorf,Rüttigasse,31
86KLNKDEZEGD,2368000,CHF,Single-Family Home,,Switzerland,1224 Chêne-Bougeries,Chemin de Grange-Bonnet,186
83XUOSZIWSWV,1077000,CHF,Single-Family Home,,Switzerland,2105 Travers,Les Quarres,250
80AVEPVWGMLG,1598000,CHF,Single-Family Home,,Switzerland,1290 Chavannes-des-Bois,Chemin des Tournesols,26
86LIZJSBWLDF,1676000,CHF,Apartment,,Switzerland,6690 Cavergno,Corona,233
65QZWZDOCJBB,2887000,CHF,Single-Family Home,,Switzerland,7111 Pitasch,Via Vitg,72
75KWIMFEURGX,679000,CHF,Single-Family Home,,Switzerland,9113 Degersheim,Gschwend,142
69VBWGRJRHTF,2787000,CHF,Single-Family Home,,Switzerland,6390 Engelberg,Klosterhof,156
84YIMLKBNBGY,2661000,CHF,Single-Family Home,,Switzerland,4710 Balsthal,Krummacker,139
87FECEHLUWHV,1280000,CHF,Single-Family Home,,Switzerland,4436 Oberdorf BL,Liedertswilerstrasse,81
78UHQKBCKMPG,767000,CHF,Single-Family Home,,Switzerland,8576 Mauren TG,Opfershofenstrasse,118
78BLXBAJTJJP,1520000,CHF,Single-Family Home,,Switzerland,6763 Mairengo,Piazzéta,155
66XSAMFEKKWT,2966000,CHF,Apartment,,Switzerland,6025 Neudorf,Gormundermoos,11
78KWFVYRILWZ,1384000,CHF,Multi-Family Home,,Switzerland,5723 Teufenthal AG,Katzenhübel,51
82ZPDNDZPDOC,3254000,CHF,Apartment,,Switzerland,4938 Rohrbach,Untere Toggiburgstrasse,296
89JZPUFZMQJZ,139000,CHF,Apartment,,Switzerland,6473 Silenen,Chieligerberg,124
76MXMHCDQQCI,1023000,CHF,Single-Family Home,,Switzerland,5054 Kirchleerau,Rigistrasse,34
79JODMQMXQPA,3947000,CHF,Apartment,,Switzerland,8173 Neerach,Neeracherstrasse,56
74CAXILWWGRY,507000,CHF,Single-Family Home,,Switzerland,8414 Buch am Irchel,Firabigstrasse,175
81FWLNANVRHK,1558000,CHF,Apartment,,Switzerland,8152 Glattbrugg,Cherstrasse,110
68FVOPMCYWVP,578000,CHF,Single-Family Home,,Switzerland,9038 Rehetobel,Gitzibüel,245
70XMBETJTXXD,3248000,CHF,Apartment,,Switzerland,9428 Walzenhausen,Sandplatte,263
90WDNHQCLRSX,1266000,CHF,Single-Family Home,,Switzerland,8471 Berg (Dägerlen),Brunnenwiesstrasse,24
78WVNLISICGA,1247000,CHF,Apartment,,Switzerland,3862 Innertkirchen,Laubalp,158
65SKNQXEZCBM,1652000,CHF,Apartment,,Switzerland,8607 Aathal-Seegräben,Büelweg,179
88LRRZMWJISH,1281000,CHF,Apartment,,Switzerland,4464 Maisprach,Hauptstrasse,122
89OLCMWHTKXG,2089000,CHF,Apartment,,Switzerland,4613 Rickenbach SO,Bornweg,187
71PTSRUNJNSK,1128000,CHF,Apartment,,Switzerland,6432 Rickenbach b. Schwyz,Vilztür,63
71OBWVPFVEDB,173000,CHF,Apartment,,Switzerland,4917 Melchnau,Dorfstrasse,25
75OFYXAGVONY,865000,CHF,Apartment,,Switzerland,8908 Hedingen,Geissweid,142
89DAXXRDRIFB,3905000,CHF,Single-Family Home,,Switzerland,6472 Erstfeld,Rüteli,247
72CTEEIVDDLN,3070000,CHF,Apartment,,Switzerland,8846 Willerzell,Stachisweid,137
68ZNCHSLCBHG,3584000,CHF,Apartment,,Switzerland,4493 Wenslingen,Breitackerweg,147
87IMLITZVQFM,3330000,CHF,Apartment,,Switzerland,6383 Wirzweli,Riedstrasse,163
82OZFYSOTLIG,1042000,CHF,Single-Family Home,,Switzerland,9000 St. Gallen,Föhrenstrasse,186
69YTOHXBIUJG,656000,CHF,Apartment,,Switzerland,8637 Laupen ZH,Weid,76
72IQXFYSCOTO,1656000,CHF,Apartment,,Switzerland,3663 Gurzelen,Burgmättli,83
68GFMFWQLYKS,1839000,CHF,Apartment,,Switzerland,8910 Affoltern am Albis,Zeughausstrasse,123
75XPHKGWNUEZ,1696000,CHF,Apartment,,Switzerland,8421 Dättlikon,Eichstrasse,151
68MAJJSAZDJY,1783000,CHF,Single-Family Home,,Switzerland,2800 Delémont,Rue de l'Hôpital,163
77YAASBZJRPA,932000,CHF,Apartment,,Switzerland,6244 Nebikon,Kirchstrasse,261
80GPTAWWHAVS,2338000,CHF,Apartment,,Switzerland,1700 Fribourg,Lac de Pérolles,148
84RHNUPNCLNA,2603000,CHF,Single-Family Home,,Switzerland,8716 Schmerikon,Bannwaldstrasse,273
90DGQMDOOGFL,3895000,CHF,Apartment,,Switzerland,3537 Eggiwil,Krimishalde,249
86CZMEBQAKTX,2343000,CHF,Single-Family Home,,Switzerland,8706 Meilen,Glärnischstrasse,291
74WSFZANMBGC,2436000,CHF,Apartment,,Switzerland,8889 Plons,Schickstrasse,269
70QSLJYEXAPZ,501000,CHF,Single-Family Home,,Switzerland,8472 Seuzach,Welsikonerstrasse,288
88BIWYWYDLGJ,3872000,CHF,Single-Family Home,,Switzerland,6300 Zug,Dorfstrasse,121
73UYOHSYCCPL,1067000,CHF,Single-Family Home,,Switzerland,3552 Bärau,Olternenweidli,125
78HBMFGEKOYY,801000,CHF,Single-Family Home,,Switzerland,5054 Moosleerau,Alte Triengerstrasse,222
83UHHHDESDOQ,861000,CHF,Multi-Family Home,,Switzerland,2542 Pieterlen,Sägestrasse,191
85UFLWWNDVVZ,1906000,CHF,Apartment,,Switzerland,3128 Rümligen,Bernstrasse,96
73NRYOGPJVDY,3608000,CHF,Single-Family Home,,Switzerland,4624 Härkingen,Stöckacker,297
66XFTBTUGPWR,622000,CHF,Single-Family Home,,Switzerland,3178 Bösingen,Eigerweg,223
90FADLPBQFML,2112000,CHF,Apartment,,Switzerland,9608 Ganterschwil,Im Harz,77
85IYLEPXDWVT,1553000,CHF,Single-Family Home,,Switzerland,4055 Basel,Bollweilerstrasse,214
84QLXHOUNCDI,2835000,CHF,Single-Family Home,,Switzerland,1873 Les Crosets,Chemin des Chevreuils,285
81HEZDJFORZF,1231000,CHF,Apartment,,Switzerland,1298 Céligny,Chemin des Grands-Hutins,130
86PBTZGKWBPK,583000,CHF,Apartment,,Switzerland,9475 Sevelen,Chlegrüti Wisliboden,286
70CAARHLBWGY,3742000,CHF,Apartment,,Switzerland,6525 Gnosca,Via Nögö,294
87MVPAFRWBDD,2333000,CHF,Single-Family Home,,Switzerland,8192 Glattfelden,Flüenenstrasse,181
70QCBMXTSVTV,3138000,CHF,Apartment,,Switzerland,3765 Oberwil im Simmental,Hemmig,291
89UHWXKEDPNO,1515000,CHF,Apartment,,Switzerland,8105 Watt,Brünigweg,151
89RKKXTKWAJW,1177000,CHF,Apartment,,Switzerland,8608 Bubikon,Hinterer Sennwaldweg,220
67NCYXEGVLXV,1098000,CHF,Single-Family Home,,Switzerland,2333 La Ferrière,La Large-Journée,126
67CUPNCGQBRP,869000,CHF,Apartment,,Switzerland,8855 Wangen SZ,Kleinwiesweg,62
81DQTRGTWNPQ,527000,CHF,Single-Family Home,,Switzerland,4512 Bellach,Friedensstrasse,297
76PTORRKXEWA,1276000,CHF,Single-Family Home,,Switzerland,6436 Muotathal,Hengsthorn,299
74BYFIAPHAOS,1718000,CHF,Apartment,,Switzerland,8489 Wildberg,Reservoirweg,274
82BSZJEFMMMM,820000,CHF,Single-Family Home,,Switzerland,7445 Innerferrera,Sur l'Aua,4
80SGFNBONJJI,1609000,CHF,Apartment,,Switzerland,3931 Lalden,Fabrikareal DSM,2
90XYQYJKDBVN,820000,CHF,Apartment,,Switzerland,1907 Saxon,Chemin du 7 août 1953,115
77CVJUXQAQRL,1091000,CHF,Apartment,,Switzerland,3971 Chermignon,Chemin des Roches,109
78SROXXZJISJ,3512000,CHF,Apartment,,Switzerland,8048 Zürich,Rudenzweg,60
90AVKPJMRFDD,1429000,CHF,Single-Family Home,,Switzerland,1033 Cheseaux-sur-Lausanne,Route d'Yverdon,134
72RMEUKEDIOC,920000,CHF,Single-Family Home,,Switzerland,1971 Grimisuat,Route du Cimetière,197
90NXBYAZUAHR,238000,CHF,Multi-Family Home,,Switzerland,6055 Alpnach Dorf,Schönenbüel,13
90KSWRXFDYDC,2935000,CHF,Single-Family Home,,Switzerland,3011 Bern,Brunngasshalde,17
84SCBWYQCOGE,2170000,CHF,Single-Family Home,,Switzerland,3705 Faulensee,Güetitalweg,232
90GTGUGOIUFY,999000,CHF,Apartment,,Switzerland,9108 Gontenbad,Sommerau,86
80RSKPDIDKHF,2125000,CHF,Apartment,,Switzerland,2063 Fenin,Rue Jean-de-Tribolet,68
80RBVCGJAPGH,968000,CHF,Apartment,,Switzerland,7302 Landquart,Werkstättestrasse,218
74SCVOKHBPKG,4200000,CHF,Apartment,,Switzerland,5112 Thalheim AG,Hegi,233
80AHKPHMPEWT,3103000,CHF,Single-Family Home,,Switzerland,6213 Knutwil,Buholzweg,221
83LXIBAKRPJV,1089000,CHF,Apartment,,Switzerland,6072 Sachseln,Riedli,180
74EJVQERONSB,3720000,CHF,Single-Family Home,,Switzerland,5043 Holziken,Heimatweg,228
89OBWBEGPGHS,1591000,CHF,Apartment,,Switzerland,6826 Riva San Vitale,Via Lümaghera,168
71BPGYLRPKZR,160000,CHF,Apartment,,Switzerland,6205 Eich,Hellacher,232
74DUBFDXAUDQ,1098000,CHF,Apartment,,Switzerland,4704 Niederbipp,Winkelhof,33
80ORIBGVYYMC,1400000,CHF,Single-Family Home,,Switzerland,1325 Vaulion,La Mâche,182
86VJSKPDHADG,1922000,CHF,Single-Family Home,,Switzerland,8002 Zürich,Scheideggstrasse,136
83PTRYUXISZA,1511000,CHF,Apartment,,Switzerland,5330 Bad Zurzach,Langwiesstrasse,59
81ZMRIVNZEML,2417000,CHF,Apartment,,Switzerland,9658 Wildhaus,Saxer-Sibere,196
70REFJWSHEDM,4261000,CHF,Apartment,,Switzerland,7526 Chapella,Via Susauna,50
65EADCWYBWLV,740000,CHF,Apartment,,Switzerland,1860 Aigle,Chemin de la Vyneuve,255
89UUAXVBFONM,1478000,CHF,Single-Family Home,,Switzerland,4059 Basel,Niklaus von Flüe-Strasse,47
82POKHFGZQAB,633000,CHF,Apartment,,Switzerland,8820 Wädenswil,Bürglipark,179
89QPTNUDTCXQ,1222000,CHF,Single-Family Home,,Switzerland,3315 Bätterkinden,Grafewald,71
74GLPPISDATI,956000,CHF,Single-Family Home,,Switzerland,1892 Lavey-Village,Route Cantonale,171
69WFHWXEGAVS,615000,CHF,Single-Family Home,,Switzerland,1754 Avry-sur-Matran,Impasse des Préalpes,59
85GQLHLDNEQF,1736000,CHF,Apartment,,Switzerland,3173 Oberwangen b. Bern,Feldackerstrasse,35
69MXPRENWKPA,2484000,CHF,Apartment,,Switzerland,8267 Berlingen,Im Wiesli,35
79VSWRZZEPEO,1099000,CHF,Apartment,,Switzerland,4437 Waldenburg,Waldweg,102
68GEXAASNIDN,962000,CHF,Apartment,,Switzerland,8600 Dübendorf,Libellenweg,262
84YTGOYXQZVE,3288000,CHF,Single-Family Home,,Switzerland,9113 Degersheim,Sonnhaldenstrasse,228
88LYTIGOSPAG,2226000,CHF,Single-Family Home,,Switzerland,6363 Bürgenstock,Untermisli,201
85LUJZHIGBBT,3154000,CHF,Single-Family Home,,Switzerland,1304 Cossonay-Ville,Route de Dizy,72
76CMWXJINZIW,1313000,CHF,Apartment,,Switzerland,8912 Obfelden,Schwerzimattstrasse,269
66MYWRZWILOS,4395000,CHF,Apartment,,Switzerland,8132 Egg b. Zürich,Sunnenberg,277
84JRKGUOKVDL,580000,CHF,Apartment,,Switzerland,8444 Henggart,Kirchgasse,28
87DYXWVEFXYB,814000,CHF,Apartment,,Switzerland,2345 Les Breuleux,Rue des Tilleuls,131
86HFBWIQQZSV,2801000,CHF,Single-Family Home,,Switzerland,6418 Rothenthurm,Rössliweid,29
72QWKBFBVXPE,893000,CHF,Single-Family Home,,Switzerland,6260 Reiden,Schulhausstrasse,283
73HTPUJBYOZH,257000,CHF,Single-Family Home,,Switzerland,1860 Aigle,Route d'Ollon,183
85QLSLCJOZEX,1094000,CHF,Apartment,,Switzerland,1201 Genève,Rue Adolphe-TSCHUMI,68
77YLHDXSFDTM,742000,CHF,Apartment,,Switzerland,3854 Oberried am Brienzersee,Äschlouwena,249
86EMIPEBHFOM,641000,CHF,Apartment,,Switzerland,4102 Binningen,Langegasse,66
73OMFMODUJXS,1884000,CHF,Apartment,,Switzerland,4463 Buus,Rössligasse,215
86ILLKVKTQUD,1465000,CHF,Single-Family Home,,Switzerland,3418 Rüegsbach,Bachrain,254
80UWLPLSGAWY,1064000,CHF,Single-Family Home,,Switzerland,5116 Schinznach Bad,Ringstrasse,238
87PGTSLCMWPK,2165000,CHF,Apartment,,Switzerland,1678 Siviriez,Route de Brenles,127
78VXYKICAJIE,483000,CHF,Apartment,,Switzerland,8310 Kemptthal,Widumtobelweg,74
76UXUHGAMDZI,2677000,CHF,Single-Family Home,,Switzerland,1637 Charmey (Gruyère),Les Morteys de Folliéran,219
82BYQKQNLPMI,2021000,CHF,Single-Family Home,,Switzerland,2540 Grenchen,Meisenstrasse,21
77CRHYLQCNVS,2524000,CHF,Apartment,,Switzerland,4124 Schönenbuch,Wassermattsteg,74
73MJBZDTBCRZ,3855000,CHF,Single-Family Home,,Switzerland,1009 Pully,Chemin du Coteau,133
70IRDJRSNUZF,1071000,CHF,Apartment,,Switzerland,8102 Oberengstringen,Gartenstrasse,270
76UUKYQGPZTT,1985000,CHF,Apartment,,Switzerland,8200 Schaffhausen,Zimmerweg,90
80RFAZCHTRXG,3460000,CHF,Apartment,,Switzerland,8953 Dietikon,Gjuchstrasse,147
78QLIANYYBNF,2627000,CHF,Apartment,,Switzerland,3926 Embd,Ändwäga,48
83RXVTMLNJRP,1553000,CHF,Single-Family Home,,Switzerland,6207 Nottwil,Seeland,9
71AVRPVLLHIL,918000,CHF,Apartment,,Switzerland,2800 Delémont,Chemin de la Charrue,65
65GFJKVFZMQG,4373000,CHF,Apartment,,Switzerland,8566 Neuwilen,Breitackerweg,216
71NVAQLCMBPV,577000,CHF,Apartment,,Switzerland,5432 Neuenhof,Bergstrasse,118
90PPDVIYUDGU,1277000,CHF,Apartment,,Switzerland,8800 Thalwil,Unterer Gütschliweg,75
80HAEREKGMXP,971000,CHF,Apartment,,Switzerland,2416 Les Brenets,Rue de la Gare,256
71NBPOSUJWKY,657000,CHF,Single-Family Home,,Switzerland,9479 Gretschins,Verfix,300
67XCQYUEQWFZ,1667000,CHF,Single-Family Home,,Switzerland,6300 Zugerberg,Urihof,174
72LOLRYNBDEE,1169000,CHF,Apartment,,Switzerland,8610 Uster,Bordackerstrasse,290
70OWAHKKNLJW,3165000,CHF,Apartment,,Switzerland,8903 Birmensdorf ZH,Ämetweg,132
77IRTUPDJPSV,2101000,CHF,Apartment,,Switzerland,7000 Chur,Salvatorenstrasse,25
74ACWRGDETFV,1874000,CHF,Single-Family Home,,Switzerland,1870 Monthey,Chemin des Preyses,241
65BOKCRGQOPE,2787000,CHF,Apartment,,Switzerland,1669 Albeuve,Les Dâves,261
65YGZVNHZQXT,941000,CHF,Apartment,,Switzerland,6694 Prato-Sornico,Prato,168
65PEICWJWABE,515000,CHF,Apartment,,Switzerland,4446 Buckten,Birch,219
83APRNVHOZVU,1734000,CHF,Apartment,,Switzerland,1009 Pully,Chemin de la Bruyère,52
77IHOQCNKOIQ,1895000,CHF,Single-Family Home,,Switzerland,8340 Hinwil,Brünneliweid,70
87BYFBMDQNME,2035000,CHF,Apartment,,Switzerland,1669 Albeuve,Champ du Mur,6
85ZNMGQAYQDO,1491000,CHF,Apartment,,Switzerland,4656 Starrkirch-Wil,Waldweg,207
83COLEAYVJXH,739000,CHF,Apartment,,Switzerland,1225 Chêne-Bourg,Avenue des Grands-Monts,267
67OESKUYZEVC,2038000,CHF,Single-Family Home,,Switzerland,9608 Ganterschwil,Bräker-Strasse,106
82TBHWYOBTLR,964000,CHF,Apartment,,Switzerland,2543 Lengnau BE,Tunnelweg Mitte,244
75UALQJHKWJQ,1154000,CHF,Single-Family Home,,Switzerland,3419 Biembach im Emmental,Farnweidli,93
86IQGGKCCAEZ,689000,CHF,Single-Family Home,,Switzerland,8636 Wald ZH,Tüllrosweg,183
70RJDPNQWRVY,1120000,CHF,Single-Family Home,,Switzerland,8309 Nürensdorf,Lettenstrasse,176
69ASJHTRPANY,286000,CHF,Single-Family Home,,Switzerland,8634 Hombrechtikon,Sunneraistrasse,299
66AHTCCNBPTC,3970000,CHF,Single-Family Home,,Switzerland,1275 Chéserex,Les Grands-Champs,237
79DKZAUJXYBW,2171000,CHF,Multi-Family Home,,Switzerland,1205 Genève,Rue de la Muse,81
73BOHCPEPNKM,2898000,CHF,Apartment,,Switzerland,9555 Tobel,Südstrasse,222
77UBKGIACEXN,545000,CHF,Apartment,,Switzerland,1566 St-Aubin FR,Chemin des Rittes,186
79IAYUUAZVVE,2140000,CHF,Apartment,,Switzerland,8265 Mammern,Huebgartenstrasse,227
65YVMOIDQQRU,533000,CHF,Apartment,,Switzerland,1652 Villarbeney,Planchasse,30
67ABURKCLJTF,1321000,CHF,Apartment,,Switzerland,1608 Bussigny-sur-Oron,Chemin de la Resse,263
69MHGTWKRCPM,1833000,CHF,Single-Family Home,,Switzerland,8865 Bilten,Alpgässli,35
84KUPKCMWKKY,790000,CHF,Single-Family Home,,Switzerland,7304 Maienfeld,Stutz,271
75BUIJXPNONX,4319000,CHF,Apartment,,Switzerland,5025 Asp,Asperstrieweg,11
78NZVSQWUKFX,1489000,CHF,Apartment,,Switzerland,6315 Oberägeri,Grubenstrasse,137
67AWXROAGCQE,1369000,CHF,Single-Family Home,,Switzerland,8593 Kesswil,Feldhof,76
81ZUQITQVIOY,2041000,CHF,Single-Family Home,,Switzerland,3804 Habkern,Stutz,220
90BUVRZNQVDL,119000,CHF,Apartment,,Switzerland,7326 Weisstannen,Scheubs-Muetertal,183
86WVARMXDBPY,3019000,CHF,Apartment,,Switzerland,4703 Kestenholz,Zelglihof,121
86XZATOZWSHG,2853000,CHF,Single-Family Home,,Switzerland,7425 Masein,Cresta Sut,184
75ZTKLBNGQAZ,1876000,CHF,Apartment,,Switzerland,7017 Flims Dorf,Val Sulé,20
66HHUJIPRVUT,2455000,CHF,Apartment,,Switzerland,7122 Valendas,Carstulien,240
83OZFGVVUNCJ,963000,CHF,Apartment,,Switzerland,7505 Celerina/Schlarigna,Straglia dal Bel Taimpel,114
87NLHJXZOMYB,1447000,CHF,Single-Family Home,,Switzerland,6023 Rothenburg,Rudolfstrasse,21
72WSEPGIAYMY,3750000,CHF,Single-Family Home,,Switzerland,1260 Nyon,Route de Lausanne,66
69NTWNFWRBPG,1675000,CHF,Apartment,,Switzerland,3997 Bellwald,Rufena,122
78UJCZVYJKRZ,781000,CHF,Apartment,,Switzerland,3960 Sierre,Ancien Chemin de Corin,136
89MMULDTOOBH,2565000,CHF,Single-Family Home,,Switzerland,5023 Biberstein,Fuchsloch,159
71WAQNSXVFFW,1844000,CHF,Apartment,,Switzerland,7134 Obersaxen,Selvli,90
89VMDPUPTZTV,2687000,CHF,Apartment,,Switzerland,4313 Möhlin,Augasse,139
67TPUYVIFGBT,1014000,CHF,Apartment,,Switzerland,1124 Gollion,Place de la Dîme,298
72YBWPBLRZQR,2717000,CHF,Apartment,,Switzerland,8566 Dotnacht,Rütiweg,8
68MOUXONFJRO,2329000,CHF,Apartment,,Switzerland,8868 Oberurnen,Schlachhalde,205
68KQXXLSHUUO,1076000,CHF,Single-Family Home,,Switzerland,6032 Emmen,Neuhasli,69
79LUCRAGNQOT,1151000,CHF,Single-Family Home,,Switzerland,3073 Gümligen,Vorackerrain,243
89GCOKULWCRA,428000,CHF,Single-Family Home,,Switzerland,3822 Lauterbrunnen,Isenfluhstrasse,263
77FVKYHLMWSS,1143000,CHF,Single-Family Home,,Switzerland,9015 St. Gallen,Breitfeldstrasse,225
81RGVANAGIJO,2227000,CHF,Single-Family Home,,Switzerland,1112 Echichens,Route de Saint-Fiacre,86
66WWXTLHISYJ,1023000,CHF,Apartment,,Switzerland,1564 Domdidier,Route d'Oleyres,170
79DCAIYHWMOV,2653000,CHF,Apartment,,Switzerland,4912 Aarwangen,Gartenstrasse,290
81IBGDXQLWDB,3133000,CHF,Apartment,,Switzerland,1522 Lucens,Chemin de la Forêt,170
69PLSTLZVIUD,3325000,CHF,Apartment,,Switzerland,3612 Steffisburg,Gummweg,187
79TTTZMLNCYB,2138000,CHF,Apartment,,Switzerland,5726 Unterkulm,Grünauweg,116
75OLRUMKXZLT,1387000,CHF,Apartment,,Switzerland,1789 Lugnorre,Chemin du Réservoir,248
86BZBIKPAWOW,2251000,CHF,Apartment,,Switzerland,8887 Mels,Ahornweg,157
83UUMMTYOOXU,1810000,CHF,Single-Family Home,,Switzerland,3924 St. Niklaus VS,Balmu,130
73LFPIEAJNIZ,743000,CHF,Apartment,,Switzerland,3948 Oberems,Kapellengasse,164
69ZVNOMGQZWW,554000,CHF,Apartment,,Switzerland,5604 Hendschiken,Seckackerweg,180
65OUANKANDXQ,3482000,CHF,Apartment,,Switzerland,6465 Unterschächen,Brunnital,248
70CPSCAXBYMO,543000,CHF,Single-Family Home,,Switzerland,6154 Hofstatt,Birkenheim,165
68EYSTCNPPBV,2249000,CHF,Single-Family Home,,Switzerland,4654 Lostorf,Rebenstrasse,169
79MJHVGALOPD,624000,CHF,Single-Family Home,,Switzerland,1763 Granges-Paccot,Route de Chantemerle,146
76UWSDKKGRRJ,836000,CHF,Single-Family Home,,Switzerland,2563 Ipsach,Meisenweg,66
67DIRKSXLHKZ,1602000,CHF,Apartment,,Switzerland,4563 Gerlafingen,Alte Gerlafingenstrasse,258
71CDCPBTLMSR,600000,CHF,Apartment,,Switzerland,3762 Erlenbach im Simmental,Junkernweide,18
84WJSKIPIFDD,1193000,CHF,Apartment,,Switzerland,1439 Rances,Grand-Rue,50
82MNGYTXXHFA,346000,CHF,Apartment,,Switzerland,6363 Bürgenstock,Golfstrasse,82
71SWYIYOWMSJ,1720000,CHF,Single-Family Home,,Switzerland,1112 Echichens,Route du Dauphin,129
84HOJUMYNWOZ,1312000,CHF,Multi-Family Home,,Switzerland,5272 Gansingen,Laubberg,289
80EBKUPJFGBS,1466000,CHF,Single-Family Home,,Switzerland,3653 Oberhofen am Thunersee,Aebnitstrasse,179
74RURPCEPSCB,1021000,CHF,Multi-Family Home,,Switzerland,8962 Bergdietikon,Baltenschwilerstrasse,172
77FQUDCIVIED,2813000,CHF,Apartment,,Switzerland,2000 Neuchâtel,Rue de Vieux-Châtel,75
79YRQWXTAETM,1409000,CHF,Apartment,,Switzerland,8717 Benken SG,Buggrütistrasse,53
76DAJGHVYDOP,3373000,CHF,Apartment,,Switzerland,5246 Scherz,Trottenacherweg,252
80GYVKXJZCKZ,1108000,CHF,Single-Family Home,,Switzerland,8630 Rüti ZH,Hosberg,197
83YUQUCZLHLA,1515000,CHF,Single-Family Home,,Switzerland,8471 Rutschwil (Dägerlen),Grueb,286
83YVWDAHZSSR,1922000,CHF,Apartment,,Switzerland,6006 Luzern,Rankhoftreppe,235
70XCGRCJMUBP,920000,CHF,Single-Family Home,,Switzerland,5040 Schöftland,Badweg,211
86IWFFVWCCMH,1135000,CHF,Apartment,,Switzerland,8844 Euthal,Ahornweidstrasse,106
75KAVPJGJNEK,260000,CHF,Single-Family Home,,Switzerland,8908 Hedingen,Gehrsteig,81
75JRAJUICSPL,3808000,CHF,Apartment,,Switzerland,6900 Massagno,Gradinata Forghèe,212
87LWMINJNDST,1563000,CHF,Single-Family Home,,Switzerland,8266 Steckborn,Friedhofstrasse,250
88ICNCLKKBYG,2596000,CHF,Single-Family Home,,Switzerland,3004 Bern,Strandweg,67
65INIPXVKSML,3936000,CHF,Apartment,,Switzerland,6214 Schenkon,Zellburg,269
83LOHVEZNTCD,1496000,CHF,Single-Family Home,,Switzerland,1669 Neirivue,Les Charbonnières,15
84BTOVGLUFDK,618000,CHF,Single-Family Home,,Switzerland,4539 Rumisberg,Hermetsrainweg,164
71MUPRYXXGYD,1942000,CHF,Apartment,,Switzerland,3957 Erschmatt,Dorfplatz,285
86FOSVASCUWN,2410000,CHF,Single-Family Home,,Switzerland,8905 Islisberg,Hausmattstrasse,197
71TNMHOLZLMQ,2767000,CHF,Apartment,,Switzerland,6474 Amsteg,Platti,274
84IIESUUPWBW,1037000,CHF,Apartment,,Switzerland,5734 Reinach AG,Rigiblickweg,69
65DONPVDLOGD,3275000,CHF,Apartment,,Switzerland,1987 Hérémence,Rue des Abris,171
65GRFAANYRJU,1101000,CHF,Apartment,,Switzerland,8117 Fällanden,Maurstrasse,26
66HEROUBKBKB,1377000,CHF,Apartment,,Switzerland,9014 St. Gallen,Aetschbergweg,214
81BRAEMFAVBI,923000,CHF,Single-Family Home,,Switzerland,1131 Tolochenaz,Chemin de la Ripe,228
66FRPXWMESZD,1282000,CHF,Apartment,,Switzerland,1680 Romont FR,Chemin de Cocagne,90
68QSLXMIPLZD,1194000,CHF,Apartment,,Switzerland,6386 Wolfenschiessen,Untere Kreuzhütte Egg,31
65FLRXDKWLME,906000,CHF,Apartment,,Switzerland,5400 Baden,Hägelerstrasse,124
79KEVKCIJIKG,1192000,CHF,Single-Family Home,,Switzerland,5034 Suhr,Steinfeldstrasse,188
68KDJRGTNLJO,994000,CHF,Multi-Family Home,,Switzerland,8805 Richterswil,Neuhusrain,141
90JHYEIKREPF,2240000,CHF,Single-Family Home,,Switzerland,7134 Obersaxen,Cresta,258
78EDZXVIJNZM,1903000,CHF,Apartment,,Switzerland,6284 Gelfingen,Birkenmatte,92
83DYBNKISYKK,628000,CHF,Apartment,,Switzerland,8810 Horgen,Glärnischstrasse,45
83LHWLLSPNMV,2785000,CHF,Single-Family Home,,Switzerland,6274 Eschenbach LU,Untergerligen,115
66AZVANZUKMW,1044000,CHF,Single-Family Home,,Switzerland,8192 Glattfelden,Huserweg,158
87ZGONPELFOI,1313000,CHF,Single-Family Home,,Switzerland,2732 Reconvilier,Le Rond Champ,292
81NWBLEAWLNY,1255000,CHF,Apartment,,Switzerland,6055 Alpnach Dorf,Gumeli,272
75BHWLZIYCER,1543000,CHF,Apartment,,Switzerland,3067 Boll,Studweid Vechigen,29
82TXGFUZKIQO,1141000,CHF,Apartment,,Switzerland,5426 Lengnau AG,Gewerbestrasse,60
78EFSGALPHAR,958000,CHF,Apartment,,Switzerland,3906 Saas-Fee,Blomattenstrasse,195
90ZZHZLXVJLR,2042000,CHF,Single-Family Home,,Switzerland,6612 Ascona,Via San Sebastiano,256
69HSKLFMLYAG,1949000,CHF,Apartment,,Switzerland,3368 Bleienbach,Bachsprenge,73
75WJJUMFPLNL,1146000,CHF,Single-Family Home,,Switzerland,1580 Avenches,Chemin des Artisans,254
66IHEITEUXNB,1029000,CHF,Single-Family Home,,Switzerland,9545 Wängi,Maadstrasse,61
85EGKSKQEQOI,3065000,CHF,Single-Family Home,,Switzerland,9404 Rorschacherberg,Ackerstrasse,17
74BRHIRXXCDK,1256000,CHF,Single-Family Home,,Switzerland,6556 Leggia,Carà dela Gesa,182
76WDYDGHHBWJ,999000,CHF,Single-Family Home,,Switzerland,3256 Bangerten b. Dieterswil,Oberhohrain,110
82QWOUPBNMAM,2677000,CHF,Single-Family Home,,Switzerland,1228 Plan-les-Ouates,Pont de Base,137
72WEMLXMTGAB,1285000,CHF,Single-Family Home,,Switzerland,4467 Rothenfluh,Anwilerstrasse,271
89NOTOWHEDRN,3395000,CHF,Apartment,,Switzerland,6197 Schangnau,Grünenwaldmoos,286
89EUWHSICPVF,1149000,CHF,Apartment,,Switzerland,6147 Altbüron,Halden,259
89SQMSKLRMDD,3003000,CHF,Apartment,,Switzerland,2333 La Ferrière,Bas des Brandt,138
90IJWBCHVFAB,1410000,CHF,Apartment,,Switzerland,1269 Bassins,Chemin des Siaux,8
78ZKJCJMSCJN,359000,CHF,Apartment,,Switzerland,4051 Basel,Martinskirchplatz,151
87ESRMGPKFAM,676000,CHF,Single-Family Home,,Switzerland,4304 Giebenach,Bauackerstrasse,121
67ONFWSFQZQW,1861000,CHF,Apartment,,Switzerland,4313 Möhlin,Bachstrasse,188
87IOVHECAGKM,1753000,CHF,Single-Family Home,,Switzerland,4554 Etziken,Industriestrasse,34
79XZCPOMNXKA,265000,CHF,Single-Family Home,,Switzerland,1852 Roche VD,Prés Bollens,285
75OVDLJCDUOP,1671000,CHF,Single-Family Home,,Switzerland,3128 Kirchenthurnen,Gassmatt,127
80SNNOODPAZP,2423000,CHF,Apartment,,Switzerland,4710 Balsthal,Blauensteinerweg,247
85CUOZZCTWPQ,135000,CHF,Multi-Family Home,,Switzerland,8304 Wallisellen,Florastrasse,256
